No.,Genera_Re,Latitude,Longitude,Altitude,P25mean,P10mean,NO2mean,SO2mean,P25AQGL,P10AQGL,NO2AQGL,SO2AQGL,PM25_AQI,PM10_AQI,NO2_AQI,SO2_AQI,C_AQI
1,Diorygma,6.435176667,2.889956667,9.8,7,21,32,300,Good,Good,Poor,ExPoor,46.66666667,46.66666667,128,750,242.8333333
2,Diorygma,6.435178333,2.889955,9.8,7,21,32,300,Good,Good,Poor,ExPoor,46.66666667,46.66666667,128,750,242.8333333
3,Diorygma,6.435178333,2.88995,9.8,7,21,32,300,Good,Good,Poor,ExPoor,46.66666667,46.66666667,128,750,242.8333333
4,Diorygma,6.435155,2.889873333,9.5,7,21,32,300,Good,Good,Poor,ExPoor,46.66666667,46.66666667,128,750,242.8333333
5,Physcia,6.458105,3.201145,25.5,5,13,0,500,Good,Good,Good,ExPoor,33.33333333,28.88888889,0,1250,328.0555556
6,Physcia,6.458103333,3.201173333,25.5,5,13,0,500,Good,Good,Good,ExPoor,33.33333333,28.88888889,0,1250,328.0555556
7,Physcia,6.458086667,3.201103333,18.1,5,13,0,500,Good,Good,Good,ExPoor,33.33333333,28.88888889,0,1250,328.0555556
8,Physcia,6.458068333,3.201076667,17.5,5,13,0,500,Good,Good,Good,ExPoor,33.33333333,28.88888889,0,1250,328.0555556
9,Physcia,6.45821,3.201143333,11.9,5,13,0,500,Good,Good,Good,ExPoor,33.33333333,28.88888889,0,1250,328.0555556
10,Physcia,6.461896667,3.290986667,16,15.2,40.8,101.6,680,Poor,Good,ExPoor,ExPoor,101.3333333,90.66666667,406.4,1700,574.6
11,Physcia,6.4619,3.29099,14.3,15.2,40.8,101.6,680,Poor,Good,ExPoor,ExPoor,101.3333333,90.66666667,406.4,1700,574.6
12,Physcia,6.461905,3.291,14.2,15.2,40.8,101.6,680,Poor,Good,ExPoor,ExPoor,101.3333333,90.66666667,406.4,1700,574.6
13,Physcia,6.461903333,3.291005,14.2,15.2,40.8,101.6,680,Poor,Good,ExPoor,ExPoor,101.3333333,90.66666667,406.4,1700,574.6
14,Physcia,6.46259,3.287718333,2.09,15.2,40.8,101.6,680,Poor,Good,ExPoor,ExPoor,101.3333333,90.66666667,406.4,1700,574.6
15,Physcia,6.462585,3.28772,2,15.2,40.8,101.6,680,Poor,Good,ExPoor,ExPoor,101.3333333,90.66666667,406.4,1700,574.6
16,Physcia,6.462546667,3.287833333,3.4,15.2,40.8,101.6,680,Poor,Good,ExPoor,ExPoor,101.3333333,90.66666667,406.4,1700,574.6
17,Physcia,6.462545,3.287825,3.5,15.2,40.8,101.6,680,Poor,Good,ExPoor,ExPoor,101.3333333,90.66666667,406.4,1700,574.6
18,Physcia,6.462556667,3.287823333,3.8,15.2,40.8,101.6,680,Poor,Good,ExPoor,ExPoor,101.3333333,90.66666667,406.4,1700,574.6
19,Physcia,6.462556667,3.287823333,3.8,15.2,40.8,101.6,680,Poor,Good,ExPoor,ExPoor,101.3333333,90.66666667,406.4,1700,574.6
20,Physcia,6.462555,3.287821667,3.8,15.2,40.8,101.6,680,Poor,Good,ExPoor,ExPoor,101.3333333,90.66666667,406.4,1700,574.6
21,Physcia,6.462568333,3.287831667,4.1,15.2,40.8,101.6,680,Poor,Good,ExPoor,ExPoor,101.3333333,90.66666667,406.4,1700,574.6
22,Physcia,6.462568333,3.287831667,4.1,15.2,40.8,101.6,680,Poor,Good,ExPoor,ExPoor,101.3333333,90.66666667,406.4,1700,574.6
23,Physcia,6.462563333,3.287825,4.6,15.2,40.8,101.6,680,Poor,Good,ExPoor,ExPoor,101.3333333,90.66666667,406.4,1700,574.6
24,Chrysothrix,6.462631667,3.287763333,6.5,15.2,40.8,101.6,680,Poor,Good,ExPoor,ExPoor,101.3333333,90.66666667,406.4,1700,574.6
25,Chrysothrix,6.46263,3.28776,6.4,15.2,40.8,101.6,680,Poor,Good,ExPoor,ExPoor,101.3333333,90.66666667,406.4,1700,574.6
26,Physcia,6.462626667,3.28778,5.9,15.2,40.8,101.6,680,Poor,Good,ExPoor,ExPoor,101.3333333,90.66666667,406.4,1700,574.6
27,Physcia,6.462641667,3.287786667,5.7,15.2,40.8,101.6,680,Poor,Good,ExPoor,ExPoor,101.3333333,90.66666667,406.4,1700,574.6
28,Physcia,6.462638333,3.287786667,5.6,15.2,40.8,101.6,680,Poor,Good,ExPoor,ExPoor,101.3333333,90.66666667,406.4,1700,574.6
29,Chrysothrix,6.462638333,3.287786667,5.6,15.2,40.8,101.6,680,Poor,Good,ExPoor,ExPoor,101.3333333,90.66666667,406.4,1700,574.6
30,Diorygma,6.463785,3.200325,26,15.5,64,38,500,Poor,VPoor,VPoor,ExPoor,103.3333333,142.2222222,152,1250,411.8888889
31,Diorygma,6.463788333,3.200301667,25.7,15.5,64,38,500,Poor,VPoor,VPoor,ExPoor,103.3333333,142.2222222,152,1250,411.8888889
32,Diorygma,6.46378,3.200276667,20.5,15.5,64,38,500,Poor,VPoor,VPoor,ExPoor,103.3333333,142.2222222,152,1250,411.8888889
33,Physcia,6.46384,3.20034,20.4,15.5,64,38,500,Poor,VPoor,VPoor,ExPoor,103.3333333,142.2222222,152,1250,411.8888889
34,Physcia,6.46387,3.200308333,20.1,15.5,64,38,500,Poor,VPoor,VPoor,ExPoor,103.3333333,142.2222222,152,1250,411.8888889
35,Physcia,6.463886667,3.200325,20,15.5,64,38,500,Poor,VPoor,VPoor,ExPoor,103.3333333,142.2222222,152,1250,411.8888889
36,Physcia,6.463885,3.20037,24.9,15.5,64,38,500,Poor,VPoor,VPoor,ExPoor,103.3333333,142.2222222,152,1250,411.8888889
37,Physcia,6.463885,3.200338333,24.5,15.5,64,38,500,Poor,VPoor,VPoor,ExPoor,103.3333333,142.2222222,152,1250,411.8888889
38,Physcia,6.463895,3.200331667,23.3,15.5,64,38,500,Poor,VPoor,VPoor,ExPoor,103.3333333,142.2222222,152,1250,411.8888889
39,Physcia,6.463898333,3.200331667,23.1,15.5,64,38,500,Poor,VPoor,VPoor,ExPoor,103.3333333,142.2222222,152,1250,411.8888889
40,Physcia,6.463881667,3.200321667,22.7,15.5,64,38,500,Poor,VPoor,VPoor,ExPoor,103.3333333,142.2222222,152,1250,411.8888889
41,Physcia,6.463893333,3.200336667,21.1,15.5,64,38,500,Poor,VPoor,VPoor,ExPoor,103.3333333,142.2222222,152,1250,411.8888889
42,Diorygma,6.463806667,3.200256667,20.8,15.5,64,38,500,Poor,VPoor,VPoor,ExPoor,103.3333333,142.2222222,152,1250,411.8888889
43,Diorygma,6.463805,3.20026,20.7,15.5,64,38,500,Poor,VPoor,VPoor,ExPoor,103.3333333,142.2222222,152,1250,411.8888889
44,Diorygma,6.463808333,3.200241667,19.4,15.5,64,38,500,Poor,VPoor,VPoor,ExPoor,103.3333333,142.2222222,152,1250,411.8888889
45,Chrysothrix,6.46401,3.200465,18.29,15.5,64,38,500,Poor,VPoor,VPoor,ExPoor,103.3333333,142.2222222,152,1250,411.8888889
46,Chrysothrix,6.46408,3.200468333,18.2,15.5,64,38,500,Poor,VPoor,VPoor,ExPoor,103.3333333,142.2222222,152,1250,411.8888889
47,Physcia,6.464115,3.200458333,17.6,15.5,64,38,500,Poor,VPoor,VPoor,ExPoor,103.3333333,142.2222222,152,1250,411.8888889
48,Chrysothrix,6.464111667,3.200488333,8.5,15.5,64,38,500,Poor,VPoor,VPoor,ExPoor,103.3333333,142.2222222,152,1250,411.8888889
49,Chrysothrix,6.464086667,3.200491667,8.89,15.5,64,38,500,Poor,VPoor,VPoor,ExPoor,103.3333333,142.2222222,152,1250,411.8888889
50,Physcia,6.4642,3.200673333,9,15.5,64,38,500,Poor,VPoor,VPoor,ExPoor,103.3333333,142.2222222,152,1250,411.8888889
51,Physcia,6.465326667,3.201993333,15.1,15.5,64,38,500,Poor,VPoor,VPoor,ExPoor,103.3333333,142.2222222,152,1250,411.8888889
52,Physcia,6.465355,3.201981667,15.1,15.5,64,38,500,Poor,VPoor,VPoor,ExPoor,103.3333333,142.2222222,152,1250,411.8888889
53,Physcia,6.465363333,3.201966667,15.1,15.5,64,38,500,Poor,VPoor,VPoor,ExPoor,103.3333333,142.2222222,152,1250,411.8888889
54,Diorygma,6.483363333,3.197553333,73.69,7.5,16,85,450,Good,Good,ExPoor,ExPoor,50,35.55555556,340,1125,387.6388889
55,Diorygma,6.48332,3.197615,74.6,7.5,16,85,450,Good,Good,ExPoor,ExPoor,50,35.55555556,340,1125,387.6388889
56,Diorygma,6.48323,3.197556667,74.5,7.5,16,85,450,Good,Good,ExPoor,ExPoor,50,35.55555556,340,1125,387.6388889
57,Diorygma,6.48323,3.197558333,73,7.5,16,85,450,Good,Good,ExPoor,ExPoor,50,35.55555556,340,1125,387.6388889
58,Diorygma,6.483321667,3.197546667,72.19,7.5,16,85,450,Good,Good,ExPoor,ExPoor,50,35.55555556,340,1125,387.6388889
59,Diorygma,6.48334,3.197563333,71.9,7.5,16,85,450,Good,Good,ExPoor,ExPoor,50,35.55555556,340,1125,387.6388889
60,Diorygma,6.483345,3.197576667,72.1,7.5,16,85,450,Good,Good,ExPoor,ExPoor,50,35.55555556,340,1125,387.6388889
61,Diorygma,6.483383333,3.19739,67,7.5,16,85,450,Good,Good,ExPoor,ExPoor,50,35.55555556,340,1125,387.6388889
62,Diorygma,6.483376667,3.19738,67,7.5,16,85,450,Good,Good,ExPoor,ExPoor,50,35.55555556,340,1125,387.6388889
63,Diorygma,6.483381667,3.197366667,66.8,7.5,16,85,450,Good,Good,ExPoor,ExPoor,50,35.55555556,340,1125,387.6388889
64,Diorygma,6.483358333,3.19749,63.7,7.5,16,85,450,Good,Good,ExPoor,ExPoor,50,35.55555556,340,1125,387.6388889
65,Diorygma,6.483323333,3.19743,63.7,7.5,16,85,450,Good,Good,ExPoor,ExPoor,50,35.55555556,340,1125,387.6388889
66,Diorygma,6.483308333,3.197205,61.6,7.5,16,85,450,Good,Good,ExPoor,ExPoor,50,35.55555556,340,1125,387.6388889
67,Diorygma,6.483338333,3.19715,59.6,7.5,16,85,450,Good,Good,ExPoor,ExPoor,50,35.55555556,340,1125,387.6388889
68,Diorygma,6.483325,3.197193333,45.1,7.5,16,85,450,Good,Good,ExPoor,ExPoor,50,35.55555556,340,1125,387.6388889
69,Diorygma,6.483321667,3.197185,44.9,7.5,16,85,450,Good,Good,ExPoor,ExPoor,50,35.55555556,340,1125,387.6388889
70,Diorygma,6.483345,3.19721,44,7.5,16,85,450,Good,Good,ExPoor,ExPoor,50,35.55555556,340,1125,387.6388889
71,Diorygma,6.483351667,3.197208333,43.7,7.5,16,85,450,Good,Good,ExPoor,ExPoor,50,35.55555556,340,1125,387.6388889
72,Diorygma,6.483643333,3.19721,40.7,7.5,16,85,450,Good,Good,ExPoor,ExPoor,50,35.55555556,340,1125,387.6388889
73,Diorygma,6.48366,3.197165,40.09,7.5,16,85,450,Good,Good,ExPoor,ExPoor,50,35.55555556,340,1125,387.6388889
74,Diorygma,6.483666667,3.197185,38.8,7.5,16,85,450,Good,Good,ExPoor,ExPoor,50,35.55555556,340,1125,387.6388889
75,Diorygma,6.483753333,3.197218333,18.9,7.5,16,85,450,Good,Good,ExPoor,ExPoor,50,35.55555556,340,1125,387.6388889
76,Diorygma,6.483743333,3.1972,15.4,7.5,16,85,450,Good,Good,ExPoor,ExPoor,50,35.55555556,340,1125,387.6388889
77,Diorygma,6.484496667,3.19739,14.2,7.5,16,85,450,Good,Good,ExPoor,ExPoor,50,35.55555556,340,1125,387.6388889
78,Diorygma,6.484511667,3.197485,14.1,7.5,16,85,450,Good,Good,ExPoor,ExPoor,50,35.55555556,340,1125,387.6388889
79,Diorygma,6.484523333,3.197473333,14.2,7.5,16,85,450,Good,Good,ExPoor,ExPoor,50,35.55555556,340,1125,387.6388889
80,Diorygma,6.484498333,3.197488333,11,7.5,16,85,450,Good,Good,ExPoor,ExPoor,50,35.55555556,340,1125,387.6388889
81,Diorygma,6.484345,3.197743333,9.1,7.5,16,85,450,Good,Good,ExPoor,ExPoor,50,35.55555556,340,1125,387.6388889
82,Diorygma,6.484348333,3.197743333,9,7.5,16,85,450,Good,Good,ExPoor,ExPoor,50,35.55555556,340,1125,387.6388889
83,Diorygma,6.484346667,3.197738333,9.3,7.5,16,85,450,Good,Good,ExPoor,ExPoor,50,35.55555556,340,1125,387.6388889
84,Diorygma,6.484346667,3.197738333,9.3,7.5,16,85,450,Good,Good,ExPoor,ExPoor,50,35.55555556,340,1125,387.6388889
85,Diorygma,6.48434,3.197743333,9,7.5,16,85,450,Good,Good,ExPoor,ExPoor,50,35.55555556,340,1125,387.6388889
86,Diorygma,6.484341667,3.19774,9.1,7.5,16,85,450,Good,Good,ExPoor,ExPoor,50,35.55555556,340,1125,387.6388889
87,Diorygma,6.484341667,3.197736667,9.1,7.5,16,85,450,Good,Good,ExPoor,ExPoor,50,35.55555556,340,1125,387.6388889
88,Diorygma,6.484338333,3.197741667,9.5,7.5,16,85,450,Good,Good,ExPoor,ExPoor,50,35.55555556,340,1125,387.6388889
89,Diorygma,6.48434,3.19774,9.39,7.5,16,85,450,Good,Good,ExPoor,ExPoor,50,35.55555556,340,1125,387.6388889
90,Diorygma,6.484298333,3.197743333,11.1,7.5,16,85,450,Good,Good,ExPoor,ExPoor,50,35.55555556,340,1125,387.6388889
91,Diorygma,6.484335,3.197763333,12,7.5,16,85,450,Good,Good,ExPoor,ExPoor,50,35.55555556,340,1125,387.6388889
92,Diorygma,6.484343333,3.197758333,13.8,7.5,16,85,450,Good,Good,ExPoor,ExPoor,50,35.55555556,340,1125,387.6388889
93,Diorygma,6.484336667,3.197715,14.4,7.5,16,85,450,Good,Good,ExPoor,ExPoor,50,35.55555556,340,1125,387.6388889
94,Diorygma,6.483388333,3.197948333,15.7,7.5,16,85,450,Good,Good,ExPoor,ExPoor,50,35.55555556,340,1125,387.6388889
95,Diorygma,6.483388333,3.197948333,15.7,7.5,16,85,450,Good,Good,ExPoor,ExPoor,50,35.55555556,340,1125,387.6388889
96,Physcia,6.483388333,3.197933333,15.8,7.5,16,85,450,Good,Good,ExPoor,ExPoor,50,35.55555556,340,1125,387.6388889
97,Diorygma,6.483388333,3.197936667,15.9,7.5,16,85,450,Good,Good,ExPoor,ExPoor,50,35.55555556,340,1125,387.6388889
98,Physcia,6.483365,3.19794,13.4,7.5,16,85,450,Good,Good,ExPoor,ExPoor,50,35.55555556,340,1125,387.6388889
99,Physcia,6.483366667,3.19794,13.5,7.5,16,85,450,Good,Good,ExPoor,ExPoor,50,35.55555556,340,1125,387.6388889
100,Diorygma,6.483376667,3.197933333,15.1,7.5,16,85,450,Good,Good,ExPoor,ExPoor,50,35.55555556,340,1125,387.6388889
101,Diorygma,6.48329,3.19793,14.4,7.5,16,85,450,Good,Good,ExPoor,ExPoor,50,35.55555556,340,1125,387.6388889
102,Diorygma,6.48332,3.197956667,14.1,7.5,16,85,450,Good,Good,ExPoor,ExPoor,50,35.55555556,340,1125,387.6388889
103,Diorygma,6.48333,3.197966667,17.4,7.5,16,85,450,Good,Good,ExPoor,ExPoor,50,35.55555556,340,1125,387.6388889
104,Diorygma,6.483338333,3.197965,17.29,7.5,16,85,450,Good,Good,ExPoor,ExPoor,50,35.55555556,340,1125,387.6388889
105,Graphis,6.483168333,3.198133333,16.5,7.5,16,85,450,Good,Good,ExPoor,ExPoor,50,35.55555556,340,1125,387.6388889
106,Physcia,6.483161667,3.19813,16.4,7.5,16,85,450,Good,Good,ExPoor,ExPoor,50,35.55555556,340,1125,387.6388889
107,Diorygma,6.483088333,3.198265,16.29,7.5,16,85,450,Good,Good,ExPoor,ExPoor,50,35.55555556,340,1125,387.6388889
108,Lecanora,6.483021667,3.198241667,15.5,7.5,16,85,450,Good,Good,ExPoor,ExPoor,50,35.55555556,340,1125,387.6388889
109,Lecanora,6.483033333,3.198265,15.9,7.5,16,85,450,Good,Good,ExPoor,ExPoor,50,35.55555556,340,1125,387.6388889
110,Physcia,6.578516667,3.349088333,20.9,35,78.333,87,233.333,VPoor,ExPoor,ExPoor,ExPoor,233.3333333,174.0733333,348,583.3325,334.6847917
111,Physcia,6.578521667,3.349125,20.4,35,78.333,87,233.333,VPoor,ExPoor,ExPoor,ExPoor,233.3333333,174.0733333,348,583.3325,334.6847917
112,Diorygma,6.578536667,3.349126667,20.4,35,78.333,87,233.333,VPoor,ExPoor,ExPoor,ExPoor,233.3333333,174.0733333,348,583.3325,334.6847917
113,Diorygma,6.578486667,3.349153333,21.6,35,78.333,87,233.333,VPoor,ExPoor,ExPoor,ExPoor,233.3333333,174.0733333,348,583.3325,334.6847917
114,Physcia,6.578503333,3.349196667,22.1,35,78.333,87,233.333,VPoor,ExPoor,ExPoor,ExPoor,233.3333333,174.0733333,348,583.3325,334.6847917
115,Physcia,6.578525,3.349193333,22.5,35,78.333,87,233.333,VPoor,ExPoor,ExPoor,ExPoor,233.3333333,174.0733333,348,583.3325,334.6847917
116,Diorygma,6.578415,3.349405,26.1,35,78.333,87,233.333,VPoor,ExPoor,ExPoor,ExPoor,233.3333333,174.0733333,348,583.3325,334.6847917
117,Physcia,6.578455,3.349316667,26.4,35,78.333,87,233.333,VPoor,ExPoor,ExPoor,ExPoor,233.3333333,174.0733333,348,583.3325,334.6847917
118,Physcia,6.578288333,3.349026667,28.2,35,78.333,87,233.333,VPoor,ExPoor,ExPoor,ExPoor,233.3333333,174.0733333,348,583.3325,334.6847917
119,Physcia,6.578293333,3.349008333,28.2,35,78.333,87,233.333,VPoor,ExPoor,ExPoor,ExPoor,233.3333333,174.0733333,348,583.3325,334.6847917
120,Diorygma,6.57823,3.349368333,28,35,78.333,87,233.333,VPoor,ExPoor,ExPoor,ExPoor,233.3333333,174.0733333,348,583.3325,334.6847917
121,Diorygma,6.578221667,3.349391667,27.7,35,78.333,87,233.333,VPoor,ExPoor,ExPoor,ExPoor,233.3333333,174.0733333,348,583.3325,334.6847917
122,Physcia,6.578201667,3.349413333,27.7,35,78.333,87,233.333,VPoor,ExPoor,ExPoor,ExPoor,233.3333333,174.0733333,348,583.3325,334.6847917
123,Physcia,6.578236667,3.34933,27.9,35,78.333,87,233.333,VPoor,ExPoor,ExPoor,ExPoor,233.3333333,174.0733333,348,583.3325,334.6847917
124,Diorygma,6.578238333,3.349333333,28.2,35,78.333,87,233.333,VPoor,ExPoor,ExPoor,ExPoor,233.3333333,174.0733333,348,583.3325,334.6847917
125,Diorygma,6.578258333,3.349298333,28.1,35,78.333,87,233.333,VPoor,ExPoor,ExPoor,ExPoor,233.3333333,174.0733333,348,583.3325,334.6847917
126,Physcia,6.578208333,3.349285,27.9,35,78.333,87,233.333,VPoor,ExPoor,ExPoor,ExPoor,233.3333333,174.0733333,348,583.3325,334.6847917
127,Physcia,6.579365,3.350541667,33.7,35,78.333,87,233.333,VPoor,ExPoor,ExPoor,ExPoor,233.3333333,174.0733333,348,583.3325,334.6847917
128,Physcia,6.579373333,3.350528333,34,35,78.333,87,233.333,VPoor,ExPoor,ExPoor,ExPoor,233.3333333,174.0733333,348,583.3325,334.6847917
129,Physcia,6.57939,3.35052,34,35,78.333,87,233.333,VPoor,ExPoor,ExPoor,ExPoor,233.3333333,174.0733333,348,583.3325,334.6847917
130,Physcia,6.579386667,3.350528333,34.2,35,78.333,87,233.333,VPoor,ExPoor,ExPoor,ExPoor,233.3333333,174.0733333,348,583.3325,334.6847917
131,Diorygma,6.579885,3.352116667,35.4,35,78.333,87,233.333,VPoor,ExPoor,ExPoor,ExPoor,233.3333333,174.0733333,348,583.3325,334.6847917
132,Diorygma,6.579848333,3.352121667,35.3,35,78.333,87,233.333,VPoor,ExPoor,ExPoor,ExPoor,233.3333333,174.0733333,348,583.3325,334.6847917
133,Diorygma,6.579928333,3.35217,37,35,78.333,87,233.333,VPoor,ExPoor,ExPoor,ExPoor,233.3333333,174.0733333,348,583.3325,334.6847917
134,Diorygma,6.579928333,3.35217,37,35,78.333,87,233.333,VPoor,ExPoor,ExPoor,ExPoor,233.3333333,174.0733333,348,583.3325,334.6847917
135,Diorygma,6.579928333,3.35217,37,35,78.333,87,233.333,VPoor,ExPoor,ExPoor,ExPoor,233.3333333,174.0733333,348,583.3325,334.6847917
136,Diorygma,6.579873333,3.352198333,38,35,78.333,87,233.333,VPoor,ExPoor,ExPoor,ExPoor,233.3333333,174.0733333,348,583.3325,334.6847917
137,Diorygma,6.579878333,3.352193333,38.09,35,78.333,87,233.333,VPoor,ExPoor,ExPoor,ExPoor,233.3333333,174.0733333,348,583.3325,334.6847917
138,Diorygma,6.579878333,3.352193333,38.09,35,78.333,87,233.333,VPoor,ExPoor,ExPoor,ExPoor,233.3333333,174.0733333,348,583.3325,334.6847917
139,Physcia,6.580265,3.352735,33,35,78.333,87,233.333,VPoor,ExPoor,ExPoor,ExPoor,233.3333333,174.0733333,348,583.3325,334.6847917
140,Physcia,6.580265,3.352735,33,35,78.333,87,233.333,VPoor,ExPoor,ExPoor,ExPoor,233.3333333,174.0733333,348,583.3325,334.6847917
141,Physcia,6.580268333,3.35276,33.09,35,78.333,87,233.333,VPoor,ExPoor,ExPoor,ExPoor,233.3333333,174.0733333,348,583.3325,334.6847917
142,Diorygma,6.580295,3.352756667,33.59,35,78.333,87,233.333,VPoor,ExPoor,ExPoor,ExPoor,233.3333333,174.0733333,348,583.3325,334.6847917
143,Physcia,6.580251667,3.35266,33.09,35,78.333,87,233.333,VPoor,ExPoor,ExPoor,ExPoor,233.3333333,174.0733333,348,583.3325,334.6847917
144,Diorygma,6.462631667,3.425835,-10.2,5.5,13.5,33.5,550,Good,Good,Poor,ExPoor,36.66666667,30,134,1375,393.9166667
145,Diorygma,6.462786667,3.42562,-11.9,5.5,13.5,33.5,550,Good,Good,Poor,ExPoor,36.66666667,30,134,1375,393.9166667
146,Diorygma,6.462771667,3.425638333,-11.9,5.5,13.5,33.5,550,Good,Good,Poor,ExPoor,36.66666667,30,134,1375,393.9166667
147,Diorygma,6.462786667,3.425695,-10.5,5.5,13.5,33.5,550,Good,Good,Poor,ExPoor,36.66666667,30,134,1375,393.9166667
148,Diorygma,6.462898333,3.425505,-3.1,5.5,13.5,33.5,550,Good,Good,Poor,ExPoor,36.66666667,30,134,1375,393.9166667
149,Diorygma,6.462896667,3.425518333,-3.1,5.5,13.5,33.5,550,Good,Good,Poor,ExPoor,36.66666667,30,134,1375,393.9166667
150,Diorygma,6.462893333,3.425485,-2.9,5.5,13.5,33.5,550,Good,Good,Poor,ExPoor,36.66666667,30,134,1375,393.9166667
151,Physcia,6.517933333,3.386453333,-47.2,13,41.6,52.4,400,Good,Good,ExPoor,ExPoor,86.66666667,92.44444444,209.6,1000,347.1777778
152,Physcia,6.517676667,3.3863,-12.2,13,41.6,52.4,400,Good,Good,ExPoor,ExPoor,86.66666667,92.44444444,209.6,1000,347.1777778
153,Physcia,6.518585,3.39003,-3.6,13,41.6,52.4,400,Good,Good,ExPoor,ExPoor,86.66666667,92.44444444,209.6,1000,347.1777778
154,Physcia,6.51857,3.39005,-3.3,13,41.6,52.4,400,Good,Good,ExPoor,ExPoor,86.66666667,92.44444444,209.6,1000,347.1777778
155,Diorygma,6.518566667,3.390251667,12.4,13,41.6,52.4,400,Good,Good,ExPoor,ExPoor,86.66666667,92.44444444,209.6,1000,347.1777778
156,Physcia,6.518573333,3.390321667,11.9,13,41.6,52.4,400,Good,Good,ExPoor,ExPoor,86.66666667,92.44444444,209.6,1000,347.1777778
157,Physcia,6.518573333,3.390321667,11.9,13,41.6,52.4,400,Good,Good,ExPoor,ExPoor,86.66666667,92.44444444,209.6,1000,347.1777778
158,Diorygma,6.518533333,3.390188333,11.7,13,41.6,52.4,400,Good,Good,ExPoor,ExPoor,86.66666667,92.44444444,209.6,1000,347.1777778
159,Diorygma,6.518525,3.390193333,11.7,13,41.6,52.4,400,Good,Good,ExPoor,ExPoor,86.66666667,92.44444444,209.6,1000,347.1777778
160,Physcia,6.518555,3.390261667,11.2,13,41.6,52.4,400,Good,Good,ExPoor,ExPoor,86.66666667,92.44444444,209.6,1000,347.1777778
161,Physcia,6.518558333,3.390263333,11.3,13,41.6,52.4,400,Good,Good,ExPoor,ExPoor,86.66666667,92.44444444,209.6,1000,347.1777778
162,Diorygma,6.518555,3.390273333,11.4,13,41.6,52.4,400,Good,Good,ExPoor,ExPoor,86.66666667,92.44444444,209.6,1000,347.1777778
163,Diorygma,6.518555,3.390273333,11.4,13,41.6,52.4,400,Good,Good,ExPoor,ExPoor,86.66666667,92.44444444,209.6,1000,347.1777778
164,Physcia,6.518515,3.390143333,10.4,13,41.6,52.4,400,Good,Good,ExPoor,ExPoor,86.66666667,92.44444444,209.6,1000,347.1777778
165,Diorygma,6.518483333,3.39014,10.9,13,41.6,52.4,400,Good,Good,ExPoor,ExPoor,86.66666667,92.44444444,209.6,1000,347.1777778
166,Diorygma,6.518503333,3.391528333,20.5,13,41.6,52.4,400,Good,Good,ExPoor,ExPoor,86.66666667,92.44444444,209.6,1000,347.1777778
167,Diorygma,6.518266667,3.392073333,14.8,13,41.6,52.4,400,Good,Good,ExPoor,ExPoor,86.66666667,92.44444444,209.6,1000,347.1777778
168,Diorygma,6.518258333,3.392095,15.4,13,41.6,52.4,400,Good,Good,ExPoor,ExPoor,86.66666667,92.44444444,209.6,1000,347.1777778
169,Diorygma,6.517361667,3.391831667,14.9,13,41.6,52.4,400,Good,Good,ExPoor,ExPoor,86.66666667,92.44444444,209.6,1000,347.1777778
170,Graphis,6.517221667,3.391863333,14.5,13,41.6,52.4,400,Good,Good,ExPoor,ExPoor,86.66666667,92.44444444,209.6,1000,347.1777778
171,Bacidia,6.517223333,3.392103333,17.7,13,41.6,52.4,400,Good,Good,ExPoor,ExPoor,86.66666667,92.44444444,209.6,1000,347.1777778
172,Bacidia,6.517198333,3.392123333,17.7,13,41.6,52.4,400,Good,Good,ExPoor,ExPoor,86.66666667,92.44444444,209.6,1000,347.1777778
173,Bacidia,6.517198333,3.392123333,17.7,13,41.6,52.4,400,Good,Good,ExPoor,ExPoor,86.66666667,92.44444444,209.6,1000,347.1777778
174,Diorygma,6.517128333,3.39204,17.1,13,41.6,52.4,400,Good,Good,ExPoor,ExPoor,86.66666667,92.44444444,209.6,1000,347.1777778
175,Bacidia,6.517113333,3.392046667,17.1,13,41.6,52.4,400,Good,Good,ExPoor,ExPoor,86.66666667,92.44444444,209.6,1000,347.1777778
176,Diorygma,6.516843333,3.39229,11,13,41.6,52.4,400,Good,Good,ExPoor,ExPoor,86.66666667,92.44444444,209.6,1000,347.1777778
177,Diorygma,6.516946667,3.392085,11.4,13,41.6,52.4,400,Good,Good,ExPoor,ExPoor,86.66666667,92.44444444,209.6,1000,347.1777778
178,Diorygma,6.516998333,3.392116667,11.3,13,41.6,52.4,400,Good,Good,ExPoor,ExPoor,86.66666667,92.44444444,209.6,1000,347.1777778
179,Diorygma,6.517,3.39212,11.3,13,41.6,52.4,400,Good,Good,ExPoor,ExPoor,86.66666667,92.44444444,209.6,1000,347.1777778
180,Diorygma,6.516676667,3.391998333,16.4,13,41.6,52.4,400,Good,Good,ExPoor,ExPoor,86.66666667,92.44444444,209.6,1000,347.1777778
181,Physcia,6.577718333,3.36187,26.3,7.5,19,58,400,Good,Good,ExPoor,ExPoor,50,42.22222222,232,1000,331.0555556
182,Physcia,6.57766,3.361853333,26.5,7.5,19,58,400,Good,Good,ExPoor,ExPoor,50,42.22222222,232,1000,331.0555556
183,Diorygma,6.577678333,3.361881667,26.5,7.5,19,58,400,Good,Good,ExPoor,ExPoor,50,42.22222222,232,1000,331.0555556
184,Diorygma,6.577705,3.361835,23.8,7.5,19,58,400,Good,Good,ExPoor,ExPoor,50,42.22222222,232,1000,331.0555556
185,Chrysothrix,6.577693333,3.361946667,20.8,7.5,19,58,400,Good,Good,ExPoor,ExPoor,50,42.22222222,232,1000,331.0555556
186,Physcia,6.577693333,3.361946667,20.8,7.5,19,58,400,Good,Good,ExPoor,ExPoor,50,42.22222222,232,1000,331.0555556
187,Physcia,6.577711667,3.361938333,20,7.5,19,58,400,Good,Good,ExPoor,ExPoor,50,42.22222222,232,1000,331.0555556
188,Physcia,6.57772,3.361953333,20.29,7.5,19,58,400,Good,Good,ExPoor,ExPoor,50,42.22222222,232,1000,331.0555556
189,Physcia,6.577701667,3.361958333,20,7.5,19,58,400,Good,Good,ExPoor,ExPoor,50,42.22222222,232,1000,331.0555556
190,Physcia,6.577705,3.361965,20.29,7.5,19,58,400,Good,Good,ExPoor,ExPoor,50,42.22222222,232,1000,331.0555556
191,Physcia,6.577683333,3.361936667,21.4,7.5,19,58,400,Good,Good,ExPoor,ExPoor,50,42.22222222,232,1000,331.0555556
192,Physcia,6.577683333,3.361936667,21.4,7.5,19,58,400,Good,Good,ExPoor,ExPoor,50,42.22222222,232,1000,331.0555556
193,Physcia,6.577671667,3.361931667,21.4,7.5,19,58,400,Good,Good,ExPoor,ExPoor,50,42.22222222,232,1000,331.0555556
194,Chrysothrix,6.577671667,3.361931667,21.4,7.5,19,58,400,Good,Good,ExPoor,ExPoor,50,42.22222222,232,1000,331.0555556
195,Physcia,6.577641667,3.362015,22.9,7.5,19,58,400,Good,Good,ExPoor,ExPoor,50,42.22222222,232,1000,331.0555556
196,Physcia,6.57766,3.362028333,22.9,7.5,19,58,400,Good,Good,ExPoor,ExPoor,50,42.22222222,232,1000,331.0555556
197,Diorygma,6.577716667,3.361983333,34.59,7.5,19,58,400,Good,Good,ExPoor,ExPoor,50,42.22222222,232,1000,331.0555556
198,Physcia,6.577703333,3.36207,34.3,7.5,19,58,400,Good,Good,ExPoor,ExPoor,50,42.22222222,232,1000,331.0555556
199,Physcia,6.577691667,3.362016667,34.8,7.5,19,58,400,Good,Good,ExPoor,ExPoor,50,42.22222222,232,1000,331.0555556
200,Physcia,6.577691667,3.362016667,34.8,7.5,19,58,400,Good,Good,ExPoor,ExPoor,50,42.22222222,232,1000,331.0555556
201,Graphis,6.577678333,3.361986667,35.9,7.5,19,58,400,Good,Good,ExPoor,ExPoor,50,42.22222222,232,1000,331.0555556
202,Physcia,6.577676667,3.361961667,35.8,7.5,19,58,400,Good,Good,ExPoor,ExPoor,50,42.22222222,232,1000,331.0555556
203,Physcia,6.577673333,3.361966667,34.5,7.5,19,58,400,Good,Good,ExPoor,ExPoor,50,42.22222222,232,1000,331.0555556
204,Chrysothrix,6.577671667,3.362066667,39.8,7.5,19,58,400,Good,Good,ExPoor,ExPoor,50,42.22222222,232,1000,331.0555556
205,Physcia,6.577671667,3.362066667,39.8,7.5,19,58,400,Good,Good,ExPoor,ExPoor,50,42.22222222,232,1000,331.0555556
206,Physcia,6.577726667,3.36214,40.9,7.5,19,58,400,Good,Good,ExPoor,ExPoor,50,42.22222222,232,1000,331.0555556
207,Chrysothrix,6.577726667,3.36214,40.9,7.5,19,58,400,Good,Good,ExPoor,ExPoor,50,42.22222222,232,1000,331.0555556
208,Physcia,6.577701667,3.362018333,39,7.5,19,58,400,Good,Good,ExPoor,ExPoor,50,42.22222222,232,1000,331.0555556
209,Physcia,6.577683333,3.362035,41.3,7.5,19,58,400,Good,Good,ExPoor,ExPoor,50,42.22222222,232,1000,331.0555556
210,Physcia,6.577638333,3.362011667,39.59,7.5,19,58,400,Good,Good,ExPoor,ExPoor,50,42.22222222,232,1000,331.0555556
211,Chrysothrix,6.577638333,3.362011667,39.59,7.5,19,58,400,Good,Good,ExPoor,ExPoor,50,42.22222222,232,1000,331.0555556
212,Chrysothrix,6.577695,3.36203,39.4,7.5,19,58,400,Good,Good,ExPoor,ExPoor,50,42.22222222,232,1000,331.0555556
213,Physcia,6.577695,3.36203,39.4,7.5,19,58,400,Good,Good,ExPoor,ExPoor,50,42.22222222,232,1000,331.0555556
214,Physcia,6.577715,3.362053333,39.9,7.5,19,58,400,Good,Good,ExPoor,ExPoor,50,42.22222222,232,1000,331.0555556
215,Physcia,6.577698333,3.362018333,39.7,7.5,19,58,400,Good,Good,ExPoor,ExPoor,50,42.22222222,232,1000,331.0555556
216,Physcia,6.574761667,3.363485,43.3,7.5,19,58,400,Good,Good,ExPoor,ExPoor,50,42.22222222,232,1000,331.0555556
217,Physcia,6.574793333,3.363521667,43.3,7.5,19,58,400,Good,Good,ExPoor,ExPoor,50,42.22222222,232,1000,331.0555556
218,Physcia,6.574746667,3.363535,43.3,7.5,19,58,400,Good,Good,ExPoor,ExPoor,50,42.22222222,232,1000,331.0555556
219,Physcia,6.574681667,3.36354,44.1,7.5,19,58,400,Good,Good,ExPoor,ExPoor,50,42.22222222,232,1000,331.0555556
220,Physcia,6.574533333,3.363515,46.9,7.5,19,58,400,Good,Good,ExPoor,ExPoor,50,42.22222222,232,1000,331.0555556
221,Physcia,4.81219,7.045385,-21.6,24.429,59.429,46.571,871.429,Poor,VPoor,ExPoor,ExPoor,162.86,132.0644444,186.284,2178.5725,664.9452361
222,Physcia,4.812153333,7.045338333,-21.5,24.429,59.429,46.571,871.429,Poor,VPoor,ExPoor,ExPoor,162.86,132.0644444,186.284,2178.5725,664.9452361
223,Physcia,4.812158333,7.045551667,-21.7,24.429,59.429,46.571,871.429,Poor,VPoor,ExPoor,ExPoor,162.86,132.0644444,186.284,2178.5725,664.9452361
224,Physcia,4.812156667,7.045491667,-21.7,24.429,59.429,46.571,871.429,Poor,VPoor,ExPoor,ExPoor,162.86,132.0644444,186.284,2178.5725,664.9452361
225,Physcia,4.812156667,7.045491667,-21.7,24.429,59.429,46.571,871.429,Poor,VPoor,ExPoor,ExPoor,162.86,132.0644444,186.284,2178.5725,664.9452361
226,Physcia,4.812156667,7.045491667,-21.7,24.429,59.429,46.571,871.429,Poor,VPoor,ExPoor,ExPoor,162.86,132.0644444,186.284,2178.5725,664.9452361
227,Physcia,4.812171667,7.045385,-19.5,24.429,59.429,46.571,871.429,Poor,VPoor,ExPoor,ExPoor,162.86,132.0644444,186.284,2178.5725,664.9452361
228,Chrysothrix,4.81203,7.045836667,7,24.429,59.429,46.571,871.429,Poor,VPoor,ExPoor,ExPoor,162.86,132.0644444,186.284,2178.5725,664.9452361
229,Diorygma,4.812236667,7.04593,7.6,24.429,59.429,46.571,871.429,Poor,VPoor,ExPoor,ExPoor,162.86,132.0644444,186.284,2178.5725,664.9452361
230,Diorygma,4.812086667,7.04658,10.5,24.429,59.429,46.571,871.429,Poor,VPoor,ExPoor,ExPoor,162.86,132.0644444,186.284,2178.5725,664.9452361
231,Diorygma,4.812151667,7.046773333,10.3,24.429,59.429,46.571,871.429,Poor,VPoor,ExPoor,ExPoor,162.86,132.0644444,186.284,2178.5725,664.9452361
232,Physcia,4.812393333,7.046691667,11.4,24.429,59.429,46.571,871.429,Poor,VPoor,ExPoor,ExPoor,162.86,132.0644444,186.284,2178.5725,664.9452361
233,Physcia,4.812528333,7.046023333,13,24.429,59.429,46.571,871.429,Poor,VPoor,ExPoor,ExPoor,162.86,132.0644444,186.284,2178.5725,664.9452361
234,Diorygma,4.812433333,7.046075,13.2,24.429,59.429,46.571,871.429,Poor,VPoor,ExPoor,ExPoor,162.86,132.0644444,186.284,2178.5725,664.9452361
235,Physcia,4.812491667,7.046056667,13.5,24.429,59.429,46.571,871.429,Poor,VPoor,ExPoor,ExPoor,162.86,132.0644444,186.284,2178.5725,664.9452361
236,Physcia,4.812491667,7.046056667,13.5,24.429,59.429,46.571,871.429,Poor,VPoor,ExPoor,ExPoor,162.86,132.0644444,186.284,2178.5725,664.9452361
237,Physcia,4.81174,7.045555,13.6,24.429,59.429,46.571,871.429,Poor,VPoor,ExPoor,ExPoor,162.86,132.0644444,186.284,2178.5725,664.9452361
238,Dirinaria,4.811563333,7.04581,12.4,24.429,59.429,46.571,871.429,Poor,VPoor,ExPoor,ExPoor,162.86,132.0644444,186.284,2178.5725,664.9452361
239,Dirinaria,4.811563333,7.04581,12.4,24.429,59.429,46.571,871.429,Poor,VPoor,ExPoor,ExPoor,162.86,132.0644444,186.284,2178.5725,664.9452361
240,Diorygma,4.811725,7.046156667,13.2,24.429,59.429,46.571,871.429,Poor,VPoor,ExPoor,ExPoor,162.86,132.0644444,186.284,2178.5725,664.9452361
241,Graphis,4.811725,7.046156667,13.2,24.429,59.429,46.571,871.429,Poor,VPoor,ExPoor,ExPoor,162.86,132.0644444,186.284,2178.5725,664.9452361
242,Diorygma,4.81171,7.046243333,14.1,24.429,59.429,46.571,871.429,Poor,VPoor,ExPoor,ExPoor,162.86,132.0644444,186.284,2178.5725,664.9452361
243,Graphis,4.811703333,7.046255,14.2,24.429,59.429,46.571,871.429,Poor,VPoor,ExPoor,ExPoor,162.86,132.0644444,186.284,2178.5725,664.9452361
244,Physcia,4.811331667,7.046618333,13.9,24.429,59.429,46.571,871.429,Poor,VPoor,ExPoor,ExPoor,162.86,132.0644444,186.284,2178.5725,664.9452361
245,Diorygma,4.8113,7.046316667,14,24.429,59.429,46.571,871.429,Poor,VPoor,ExPoor,ExPoor,162.86,132.0644444,186.284,2178.5725,664.9452361
246,Diorygma,4.811795,7.045673333,13.8,24.429,59.429,46.571,871.429,Poor,VPoor,ExPoor,ExPoor,162.86,132.0644444,186.284,2178.5725,664.9452361
247,Dirinaria,4.843523333,7.01486,11.2,27.5,42,28,750,VPoor,Good,Poor,ExPoor,183.3333333,93.33333333,112,1875,565.9166667
248,Graphis,4.84337,7.014871667,11.6,27.5,42,28,750,VPoor,Good,Poor,ExPoor,183.3333333,93.33333333,112,1875,565.9166667
249,Graphis,4.84337,7.014871667,11.6,27.5,42,28,750,VPoor,Good,Poor,ExPoor,183.3333333,93.33333333,112,1875,565.9166667
250,Graphis,4.843275,7.014881667,13.4,27.5,42,28,750,VPoor,Good,Poor,ExPoor,183.3333333,93.33333333,112,1875,565.9166667
251,Dirinaria,4.843275,7.014881667,13.4,27.5,42,28,750,VPoor,Good,Poor,ExPoor,183.3333333,93.33333333,112,1875,565.9166667
252,Diorygma,4.855611667,7.068863333,27.4,25,46.667,95.333,733.333,Poor,Poor,ExPoor,ExPoor,166.6666667,103.7044444,381.332,1833.3325,621.2589028
253,Diorygma,4.857235,7.068833333,30.4,25,46.667,95.333,733.333,Poor,Poor,ExPoor,ExPoor,166.6666667,103.7044444,381.332,1833.3325,621.2589028
254,Diorygma,4.857053333,7.068651667,28.1,25,46.667,95.333,733.333,Poor,Poor,ExPoor,ExPoor,166.6666667,103.7044444,381.332,1833.3325,621.2589028
255,Diorygma,4.857046667,7.068555,28.4,25,46.667,95.333,733.333,Poor,Poor,ExPoor,ExPoor,166.6666667,103.7044444,381.332,1833.3325,621.2589028
256,Diorygma,4.857046667,7.068555,28.4,25,46.667,95.333,733.333,Poor,Poor,ExPoor,ExPoor,166.6666667,103.7044444,381.332,1833.3325,621.2589028
257,Lecanora,4.857046667,7.068555,28.4,25,46.667,95.333,733.333,Poor,Poor,ExPoor,ExPoor,166.6666667,103.7044444,381.332,1833.3325,621.2589028
258,Dirinaria,4.857373333,7.068873333,28.5,25,46.667,95.333,733.333,Poor,Poor,ExPoor,ExPoor,166.6666667,103.7044444,381.332,1833.3325,621.2589028
259,Dirinaria,4.857373333,7.068873333,28.5,25,46.667,95.333,733.333,Poor,Poor,ExPoor,ExPoor,166.6666667,103.7044444,381.332,1833.3325,621.2589028
260,Physcia,4.85687,7.071386667,27.4,25,46.667,95.333,733.333,Poor,Poor,ExPoor,ExPoor,166.6666667,103.7044444,381.332,1833.3325,621.2589028
261,Dirinaria,4.856835,7.071338333,27.1,25,46.667,95.333,733.333,Poor,Poor,ExPoor,ExPoor,166.6666667,103.7044444,381.332,1833.3325,621.2589028
262,Diorygma,4.856868333,7.071193333,26.1,25,46.667,95.333,733.333,Poor,Poor,ExPoor,ExPoor,166.6666667,103.7044444,381.332,1833.3325,621.2589028
263,Diorygma,4.856868333,7.071193333,26.1,25,46.667,95.333,733.333,Poor,Poor,ExPoor,ExPoor,166.6666667,103.7044444,381.332,1833.3325,621.2589028
264,Dirinaria,4.857895,7.07714,9.3,25.667,62.333,4.333,700,VPoor,VPoor,Good,ExPoor,171.1133333,138.5177778,17.332,1750,519.2407778
265,Chrysothrix,4.857895,7.07714,9.3,25.667,62.333,4.333,700,VPoor,VPoor,Good,ExPoor,171.1133333,138.5177778,17.332,1750,519.2407778
266,Chrysothrix,4.857895,7.07714,9.3,25.667,62.333,4.333,700,VPoor,VPoor,Good,ExPoor,171.1133333,138.5177778,17.332,1750,519.2407778
267,Dirinaria,4.857883333,7.077148333,10.6,25.667,62.333,4.333,700,VPoor,VPoor,Good,ExPoor,171.1133333,138.5177778,17.332,1750,519.2407778
268,Physcia,4.857883333,7.077148333,10.6,25.667,62.333,4.333,700,VPoor,VPoor,Good,ExPoor,171.1133333,138.5177778,17.332,1750,519.2407778
269,Dirinaria,4.857923333,7.077366667,15.3,25.667,62.333,4.333,700,VPoor,VPoor,Good,ExPoor,171.1133333,138.5177778,17.332,1750,519.2407778
270,Dirinaria,4.857923333,7.077366667,15.3,25.667,62.333,4.333,700,VPoor,VPoor,Good,ExPoor,171.1133333,138.5177778,17.332,1750,519.2407778
271,Graphis,4.858008333,7.077493333,15,25.667,62.333,4.333,700,VPoor,VPoor,Good,ExPoor,171.1133333,138.5177778,17.332,1750,519.2407778
272,Dirinaria,4.858008333,7.077493333,15,25.667,62.333,4.333,700,VPoor,VPoor,Good,ExPoor,171.1133333,138.5177778,17.332,1750,519.2407778
273,Dirinaria,4.858008333,7.077493333,15,25.667,62.333,4.333,700,VPoor,VPoor,Good,ExPoor,171.1133333,138.5177778,17.332,1750,519.2407778
274,Dirinaria,4.857971667,7.077518333,16.79,25.667,62.333,4.333,700,VPoor,VPoor,Good,ExPoor,171.1133333,138.5177778,17.332,1750,519.2407778
275,Chrysothrix,4.857971667,7.077518333,16.79,25.667,62.333,4.333,700,VPoor,VPoor,Good,ExPoor,171.1133333,138.5177778,17.332,1750,519.2407778
276,Dirinaria,4.857971667,7.077518333,16.79,25.667,62.333,4.333,700,VPoor,VPoor,Good,ExPoor,171.1133333,138.5177778,17.332,1750,519.2407778
277,Graphis,4.857993333,7.077608333,18.1,25.667,62.333,4.333,700,VPoor,VPoor,Good,ExPoor,171.1133333,138.5177778,17.332,1750,519.2407778
278,Chrysothrix,4.857993333,7.077608333,18.1,25.667,62.333,4.333,700,VPoor,VPoor,Good,ExPoor,171.1133333,138.5177778,17.332,1750,519.2407778
279,Graphis,4.857995,7.077578333,18.1,25.667,62.333,4.333,700,VPoor,VPoor,Good,ExPoor,171.1133333,138.5177778,17.332,1750,519.2407778
280,Physcia,4.857995,7.077578333,18.1,25.667,62.333,4.333,700,VPoor,VPoor,Good,ExPoor,171.1133333,138.5177778,17.332,1750,519.2407778
281,Graphis,4.858206667,7.077496667,18.7,25.667,62.333,4.333,700,VPoor,VPoor,Good,ExPoor,171.1133333,138.5177778,17.332,1750,519.2407778
282,Dirinaria,4.858261667,7.077643333,18.2,25.667,62.333,4.333,700,VPoor,VPoor,Good,ExPoor,171.1133333,138.5177778,17.332,1750,519.2407778
283,Dirinaria,4.85825,7.07759,18.6,25.667,62.333,4.333,700,VPoor,VPoor,Good,ExPoor,171.1133333,138.5177778,17.332,1750,519.2407778
284,Lecanora,4.85825,7.07759,18.6,25.667,62.333,4.333,700,VPoor,VPoor,Good,ExPoor,171.1133333,138.5177778,17.332,1750,519.2407778
285,Pyxine,8.983716667,7.381401667,450.6,12,16,163,900,Good,Good,ExPoor,ExPoor,80,35.55555556,652,2250,754.3888889
286,Pyxine,8.983703333,7.381401667,450.6,12,16,163,900,Good,Good,ExPoor,ExPoor,80,35.55555556,652,2250,754.3888889
287,Pyxine,8.983713333,7.381393333,450.6,12,16,163,900,Good,Good,ExPoor,ExPoor,80,35.55555556,652,2250,754.3888889
288,Pyxine,8.98372,7.381431667,450.6,12,16,163,900,Good,Good,ExPoor,ExPoor,80,35.55555556,652,2250,754.3888889
289,Parmotrema,9.007533333,7.453701667,476.3,16,21,103.5,300,Poor,Good,ExPoor,ExPoor,106.6666667,46.66666667,414,750,329.3333333
290,Parmotrema,9.00754,7.453701667,477.5,16,21,103.5,300,Poor,Good,ExPoor,ExPoor,106.6666667,46.66666667,414,750,329.3333333
291,Parmotrema,9.007588333,7.453695,468.4,16,21,103.5,300,Poor,Good,ExPoor,ExPoor,106.6666667,46.66666667,414,750,329.3333333
292,Parmotrema,9.007615,7.453663333,466.8,16,21,103.5,300,Poor,Good,ExPoor,ExPoor,106.6666667,46.66666667,414,750,329.3333333
293,Parmotrema,9.007613333,7.453666667,465.2,16,21,103.5,300,Poor,Good,ExPoor,ExPoor,106.6666667,46.66666667,414,750,329.3333333
294,Parmotrema,9.007568333,7.453703333,464.9,16,21,103.5,300,Poor,Good,ExPoor,ExPoor,106.6666667,46.66666667,414,750,329.3333333
295,Candelaria,9.007556667,7.453721667,465,16,21,103.5,300,Poor,Good,ExPoor,ExPoor,106.6666667,46.66666667,414,750,329.3333333
296,Pyxine,9.007575,7.45377,465.3,16,21,103.5,300,Poor,Good,ExPoor,ExPoor,106.6666667,46.66666667,414,750,329.3333333
297,Pyxine,9.007575,7.45377,465.3,16,21,103.5,300,Poor,Good,ExPoor,ExPoor,106.6666667,46.66666667,414,750,329.3333333
298,Candelaria,9.007581667,7.453743333,465.5,16,21,103.5,300,Poor,Good,ExPoor,ExPoor,106.6666667,46.66666667,414,750,329.3333333
299,Candelaria,9.007586667,7.45371,465.9,16,21,103.5,300,Poor,Good,ExPoor,ExPoor,106.6666667,46.66666667,414,750,329.3333333
300,Parmotrema,9.00785,7.454025,464.8,16,21,103.5,300,Poor,Good,ExPoor,ExPoor,106.6666667,46.66666667,414,750,329.3333333
301,Parmotrema,9.007856667,7.454008333,464.8,16,21,103.5,300,Poor,Good,ExPoor,ExPoor,106.6666667,46.66666667,414,750,329.3333333
302,Parmotrema,9.008616667,7.45517,465,16,21,103.5,300,Poor,Good,ExPoor,ExPoor,106.6666667,46.66666667,414,750,329.3333333
303,Candelaria,9.008608333,7.455183333,464.7,16,21,103.5,300,Poor,Good,ExPoor,ExPoor,106.6666667,46.66666667,414,750,329.3333333
304,Pyxine,9.008678333,7.45518,464.1,16,21,103.5,300,Poor,Good,ExPoor,ExPoor,106.6666667,46.66666667,414,750,329.3333333
305,Candelaria,9.007455,7.453695,442.3,16,21,103.5,300,Poor,Good,ExPoor,ExPoor,106.6666667,46.66666667,414,750,329.3333333
306,Candelaria,9.007468333,7.453651667,443.9,16,21,103.5,300,Poor,Good,ExPoor,ExPoor,106.6666667,46.66666667,414,750,329.3333333
307,Candelaria,9.00783,7.453941667,451.6,16,21,103.5,300,Poor,Good,ExPoor,ExPoor,106.6666667,46.66666667,414,750,329.3333333
308,Parmotrema,9.007813333,7.453933333,454.8,16,21,103.5,300,Poor,Good,ExPoor,ExPoor,106.6666667,46.66666667,414,750,329.3333333
309,Lecanora,9.00777,7.454043333,455.9,16,21,103.5,300,Poor,Good,ExPoor,ExPoor,106.6666667,46.66666667,414,750,329.3333333
310,Lecanora,9.00777,7.454043333,455.9,16,21,103.5,300,Poor,Good,ExPoor,ExPoor,106.6666667,46.66666667,414,750,329.3333333
311,Candelaria,9.00776,7.45422,456.5,16,21,103.5,300,Poor,Good,ExPoor,ExPoor,106.6666667,46.66666667,414,750,329.3333333
312,Candelaria,9.00801,7.454088333,456.5,16,21,103.5,300,Poor,Good,ExPoor,ExPoor,106.6666667,46.66666667,414,750,329.3333333
313,Pyxine,9.008001667,7.454065,456.5,16,21,103.5,300,Poor,Good,ExPoor,ExPoor,106.6666667,46.66666667,414,750,329.3333333
314,Candelaria,9.008001667,7.454065,456.5,16,21,103.5,300,Poor,Good,ExPoor,ExPoor,106.6666667,46.66666667,414,750,329.3333333
315,Candelaria,9.00811,7.453998333,456.6,16,21,103.5,300,Poor,Good,ExPoor,ExPoor,106.6666667,46.66666667,414,750,329.3333333
316,Candelaria,9.008015,7.454068333,456.7,16,21,103.5,300,Poor,Good,ExPoor,ExPoor,106.6666667,46.66666667,414,750,329.3333333
317,Candelaria,9.008006667,7.454068333,456.7,16,21,103.5,300,Poor,Good,ExPoor,ExPoor,106.6666667,46.66666667,414,750,329.3333333
318,Candelaria,9.007991667,7.454053333,456.7,16,21,103.5,300,Poor,Good,ExPoor,ExPoor,106.6666667,46.66666667,414,750,329.3333333
319,Candelaria,9.007991667,7.454053333,456.7,16,21,103.5,300,Poor,Good,ExPoor,ExPoor,106.6666667,46.66666667,414,750,329.3333333
320,Arthonia,9.007976667,7.454041667,457,16,21,103.5,300,Poor,Good,ExPoor,ExPoor,106.6666667,46.66666667,414,750,329.3333333
321,Candelaria,9.007976667,7.454041667,457,16,21,103.5,300,Poor,Good,ExPoor,ExPoor,106.6666667,46.66666667,414,750,329.3333333
322,Arthonia,9.007958333,7.454073333,457.1,16,21,103.5,300,Poor,Good,ExPoor,ExPoor,106.6666667,46.66666667,414,750,329.3333333
323,Arthonia,9.007935,7.45409,457.2,16,21,103.5,300,Poor,Good,ExPoor,ExPoor,106.6666667,46.66666667,414,750,329.3333333
324,Pyxine,9.007941667,7.454096667,457.3,16,21,103.5,300,Poor,Good,ExPoor,ExPoor,106.6666667,46.66666667,414,750,329.3333333
325,Candelaria,9.007983333,7.454063333,457.6,16,21,103.5,300,Poor,Good,ExPoor,ExPoor,106.6666667,46.66666667,414,750,329.3333333
326,Arthonia,9.007983333,7.454063333,457.6,16,21,103.5,300,Poor,Good,ExPoor,ExPoor,106.6666667,46.66666667,414,750,329.3333333
327,Candelaria,9.007993333,7.454071667,457.8,16,21,103.5,300,Poor,Good,ExPoor,ExPoor,106.6666667,46.66666667,414,750,329.3333333
328,Arthonia,9.008026667,7.454076667,458.2,16,21,103.5,300,Poor,Good,ExPoor,ExPoor,106.6666667,46.66666667,414,750,329.3333333
329,Arthonia,9.008026667,7.454076667,458.2,16,21,103.5,300,Poor,Good,ExPoor,ExPoor,106.6666667,46.66666667,414,750,329.3333333
330,Pyxine,9.025616667,7.468053333,483.4,25,52.5,40.5,200,Poor,Poor,VPoor,ExPoor,166.6666667,116.6666667,162,500,236.3333333
331,Candelaria,9.025616667,7.468053333,483.4,25,52.5,40.5,200,Poor,Poor,VPoor,ExPoor,166.6666667,116.6666667,162,500,236.3333333
332,Candelaria,9.02568,7.46801,481.8,25,52.5,40.5,200,Poor,Poor,VPoor,ExPoor,166.6666667,116.6666667,162,500,236.3333333
333,Lecanora,9.02568,7.46801,481.8,25,52.5,40.5,200,Poor,Poor,VPoor,ExPoor,166.6666667,116.6666667,162,500,236.3333333
334,Pyxine,9.025708333,7.468008333,478.4,25,52.5,40.5,200,Poor,Poor,VPoor,ExPoor,166.6666667,116.6666667,162,500,236.3333333
335,Pyxine,9.025683333,7.467998333,478.6,25,52.5,40.5,200,Poor,Poor,VPoor,ExPoor,166.6666667,116.6666667,162,500,236.3333333
336,Pyxine,9.02567,7.467968333,480,25,52.5,40.5,200,Poor,Poor,VPoor,ExPoor,166.6666667,116.6666667,162,500,236.3333333
337,Dirinaria,9.025655,7.468038333,478.7,25,52.5,40.5,200,Poor,Poor,VPoor,ExPoor,166.6666667,116.6666667,162,500,236.3333333
338,Dirinaria,9.025665,7.468036667,478.8,25,52.5,40.5,200,Poor,Poor,VPoor,ExPoor,166.6666667,116.6666667,162,500,236.3333333
339,Dirinaria,9.025676667,7.468055,479,25,52.5,40.5,200,Poor,Poor,VPoor,ExPoor,166.6666667,116.6666667,162,500,236.3333333
340,Lecanora,9.025836667,7.468268333,496,25,52.5,40.5,200,Poor,Poor,VPoor,ExPoor,166.6666667,116.6666667,162,500,236.3333333
341,Lecanora,9.025836667,7.468268333,496,25,52.5,40.5,200,Poor,Poor,VPoor,ExPoor,166.6666667,116.6666667,162,500,236.3333333
342,Lecanora,9.025823333,7.46832,496,25,52.5,40.5,200,Poor,Poor,VPoor,ExPoor,166.6666667,116.6666667,162,500,236.3333333
343,Lecanora,9.025845,7.468256667,496.1,25,52.5,40.5,200,Poor,Poor,VPoor,ExPoor,166.6666667,116.6666667,162,500,236.3333333
344,Pyxine,9.025813333,7.468445,495.1,25,52.5,40.5,200,Poor,Poor,VPoor,ExPoor,166.6666667,116.6666667,162,500,236.3333333
345,Candelaria,9.025813333,7.468445,495.1,25,52.5,40.5,200,Poor,Poor,VPoor,ExPoor,166.6666667,116.6666667,162,500,236.3333333
346,Pyxine,9.025801667,7.468478333,495.6,25,52.5,40.5,200,Poor,Poor,VPoor,ExPoor,166.6666667,116.6666667,162,500,236.3333333
347,Pyxine,9.040418333,7.466035,460.7,30,56,166.667,933.333,VPoor,VPoor,ExPoor,ExPoor,200,124.4444444,666.668,2333.3325,831.1112361
348,Pyxine,9.040418333,7.466035,460.7,30,56,166.667,933.333,VPoor,VPoor,ExPoor,ExPoor,200,124.4444444,666.668,2333.3325,831.1112361
349,Candelaria,9.038836667,7.467126667,478.2,30,56,166.667,933.333,VPoor,VPoor,ExPoor,ExPoor,200,124.4444444,666.668,2333.3325,831.1112361
350,Candelaria,9.038803333,7.467176667,478.4,30,56,166.667,933.333,VPoor,VPoor,ExPoor,ExPoor,200,124.4444444,666.668,2333.3325,831.1112361
351,Lecanora,9.05992,7.461358333,454.1,33.5,43.5,90,500,VPoor,Good,ExPoor,ExPoor,223.3333333,96.66666667,360,1250,482.5
352,Lecanora,9.059915,7.461401667,454.7,33.5,43.5,90,500,VPoor,Good,ExPoor,ExPoor,223.3333333,96.66666667,360,1250,482.5
353,Lecanora,9.058023333,7.460761667,459.3,33.5,43.5,90,500,VPoor,Good,ExPoor,ExPoor,223.3333333,96.66666667,360,1250,482.5
354,Lecanora,9.058018333,7.460781667,459.2,33.5,43.5,90,500,VPoor,Good,ExPoor,ExPoor,223.3333333,96.66666667,360,1250,482.5
355,Candelaria,9.058011667,7.460818333,459.2,33.5,43.5,90,500,VPoor,Good,ExPoor,ExPoor,223.3333333,96.66666667,360,1250,482.5
356,Pyxine,9.058003333,7.460806667,459.3,33.5,43.5,90,500,VPoor,Good,ExPoor,ExPoor,223.3333333,96.66666667,360,1250,482.5
357,Candelaria,9.058003333,7.460806667,459.3,33.5,43.5,90,500,VPoor,Good,ExPoor,ExPoor,223.3333333,96.66666667,360,1250,482.5
358,Pyxine,9.057991667,7.46084,459.3,33.5,43.5,90,500,VPoor,Good,ExPoor,ExPoor,223.3333333,96.66666667,360,1250,482.5
359,Pyxine,9.05798,7.460871667,459.3,33.5,43.5,90,500,VPoor,Good,ExPoor,ExPoor,223.3333333,96.66666667,360,1250,482.5
360,Physcia,9.057996667,7.460841667,459.3,33.5,43.5,90,500,VPoor,Good,ExPoor,ExPoor,223.3333333,96.66666667,360,1250,482.5
361,Pyxine,9.057996667,7.460841667,459.3,33.5,43.5,90,500,VPoor,Good,ExPoor,ExPoor,223.3333333,96.66666667,360,1250,482.5
362,Lecanora,9.057998333,7.46084,459.3,33.5,43.5,90,500,VPoor,Good,ExPoor,ExPoor,223.3333333,96.66666667,360,1250,482.5
363,Pyxine,9.057993333,7.460891667,459.4,33.5,43.5,90,500,VPoor,Good,ExPoor,ExPoor,223.3333333,96.66666667,360,1250,482.5
364,Candelaria,9.057993333,7.460891667,459.4,33.5,43.5,90,500,VPoor,Good,ExPoor,ExPoor,223.3333333,96.66666667,360,1250,482.5
365,Pyxine,9.057978333,7.460903333,459.4,33.5,43.5,90,500,VPoor,Good,ExPoor,ExPoor,223.3333333,96.66666667,360,1250,482.5
366,Lecanora,9.057978333,7.460903333,459.4,33.5,43.5,90,500,VPoor,Good,ExPoor,ExPoor,223.3333333,96.66666667,360,1250,482.5
367,Pyxine,9.057968333,7.460891667,459.6,33.5,43.5,90,500,VPoor,Good,ExPoor,ExPoor,223.3333333,96.66666667,360,1250,482.5
368,Pyxine,9.058003333,7.460911667,459.8,33.5,43.5,90,500,VPoor,Good,ExPoor,ExPoor,223.3333333,96.66666667,360,1250,482.5
369,Candelaria,9.058003333,7.460911667,459.8,33.5,43.5,90,500,VPoor,Good,ExPoor,ExPoor,223.3333333,96.66666667,360,1250,482.5
370,Pyxine,9.058008333,7.460916667,459.9,33.5,43.5,90,500,VPoor,Good,ExPoor,ExPoor,223.3333333,96.66666667,360,1250,482.5
371,Lecanora,9.058008333,7.460916667,459.9,33.5,43.5,90,500,VPoor,Good,ExPoor,ExPoor,223.3333333,96.66666667,360,1250,482.5
372,Candelaria,9.058008333,7.460916667,459.9,33.5,43.5,90,500,VPoor,Good,ExPoor,ExPoor,223.3333333,96.66666667,360,1250,482.5
373,Pyxine,9.106953333,7.48044,527.09,21.5,50.75,75,850,Poor,Poor,ExPoor,ExPoor,143.3333333,112.7777778,300,2125,670.2777778
374,Candelaria,9.107075,7.480488333,530.09,21.5,50.75,75,850,Poor,Poor,ExPoor,ExPoor,143.3333333,112.7777778,300,2125,670.2777778
375,Lecanora,9.106855,7.480385,530.9,21.5,50.75,75,850,Poor,Poor,ExPoor,ExPoor,143.3333333,112.7777778,300,2125,670.2777778
376,Lecanora,9.106861667,7.48036,530.9,21.5,50.75,75,850,Poor,Poor,ExPoor,ExPoor,143.3333333,112.7777778,300,2125,670.2777778
377,Lecanora,9.106998333,7.480323333,616.09,21.5,50.75,75,850,Poor,Poor,ExPoor,ExPoor,143.3333333,112.7777778,300,2125,670.2777778
378,Lecanora,9.106963333,7.480341667,616.09,21.5,50.75,75,850,Poor,Poor,ExPoor,ExPoor,143.3333333,112.7777778,300,2125,670.2777778
379,Pyxine,9.106946667,7.48044,510.3,21.5,50.75,75,850,Poor,Poor,ExPoor,ExPoor,143.3333333,112.7777778,300,2125,670.2777778
380,Pyxine,9.106925,7.480448333,510.6,21.5,50.75,75,850,Poor,Poor,ExPoor,ExPoor,143.3333333,112.7777778,300,2125,670.2777778
381,Pyxine,9.106916667,7.480451667,510.7,21.5,50.75,75,850,Poor,Poor,ExPoor,ExPoor,143.3333333,112.7777778,300,2125,670.2777778
382,Lecanora,9.10697,7.480236667,511.3,21.5,50.75,75,850,Poor,Poor,ExPoor,ExPoor,143.3333333,112.7777778,300,2125,670.2777778
383,Bacidia,9.10697,7.480236667,511.3,21.5,50.75,75,850,Poor,Poor,ExPoor,ExPoor,143.3333333,112.7777778,300,2125,670.2777778
384,Lecanora,9.015693333,7.48261,492.5,22.5,31,42,200,Poor,Good,VPoor,ExPoor,150,68.88888889,168,500,221.7222222
385,Lecanora,9.015606667,7.482688333,492.4,22.5,31,42,200,Poor,Good,VPoor,ExPoor,150,68.88888889,168,500,221.7222222
386,Lecanora,9.015815,7.482685,492.6,22.5,31,42,200,Poor,Good,VPoor,ExPoor,150,68.88888889,168,500,221.7222222
387,Physcia,9.028878333,7.494821667,481.4,24.6,40.6,71.2,320,Poor,Good,ExPoor,ExPoor,164,90.22222222,284.8,800,334.7555556
388,Pyxine,9.029081667,7.494855,481.4,24.6,40.6,71.2,320,Poor,Good,ExPoor,ExPoor,164,90.22222222,284.8,800,334.7555556
389,Pyxine,9.029081667,7.494855,481.4,24.6,40.6,71.2,320,Poor,Good,ExPoor,ExPoor,164,90.22222222,284.8,800,334.7555556
390,Physcia,9.029143333,7.494863333,481.5,24.6,40.6,71.2,320,Poor,Good,ExPoor,ExPoor,164,90.22222222,284.8,800,334.7555556
391,Lecanora,9.029146667,7.494888333,481.6,24.6,40.6,71.2,320,Poor,Good,ExPoor,ExPoor,164,90.22222222,284.8,800,334.7555556
392,Candelaria,9.030725,7.498501667,533.5,24.6,40.6,71.2,320,Poor,Good,ExPoor,ExPoor,164,90.22222222,284.8,800,334.7555556
393,Pyxine,9.030748333,7.498528333,533.5,24.6,40.6,71.2,320,Poor,Good,ExPoor,ExPoor,164,90.22222222,284.8,800,334.7555556
394,Physcia,9.03077,7.498535,533.4,24.6,40.6,71.2,320,Poor,Good,ExPoor,ExPoor,164,90.22222222,284.8,800,334.7555556
395,Physcia,9.030788333,7.498495,533.3,24.6,40.6,71.2,320,Poor,Good,ExPoor,ExPoor,164,90.22222222,284.8,800,334.7555556
396,Physcia,9.030773333,7.498476667,533.09,24.6,40.6,71.2,320,Poor,Good,ExPoor,ExPoor,164,90.22222222,284.8,800,334.7555556
397,Lecanora,9.030773333,7.498476667,533.09,24.6,40.6,71.2,320,Poor,Good,ExPoor,ExPoor,164,90.22222222,284.8,800,334.7555556
398,Candelaria,9.030761667,7.498425,531.2,24.6,40.6,71.2,320,Poor,Good,ExPoor,ExPoor,164,90.22222222,284.8,800,334.7555556
399,Candelaria,9.030805,7.498366667,529.3,24.6,40.6,71.2,320,Poor,Good,ExPoor,ExPoor,164,90.22222222,284.8,800,334.7555556
400,Candelaria,9.047271667,7.51131,501.7,25,34,73,900,Poor,Good,ExPoor,ExPoor,166.6666667,75.55555556,292,2250,696.0555556
401,Pyxine,9.047348333,7.511273333,503.6,25,34,73,900,Poor,Good,ExPoor,ExPoor,166.6666667,75.55555556,292,2250,696.0555556
402,Pyxine,9.047371667,7.51124,504.2,25,34,73,900,Poor,Good,ExPoor,ExPoor,166.6666667,75.55555556,292,2250,696.0555556
403,Pyxine,9.047328333,7.51121,507.9,25,34,73,900,Poor,Good,ExPoor,ExPoor,166.6666667,75.55555556,292,2250,696.0555556
404,Pyxine,9.047391667,7.511306667,507.9,25,34,73,900,Poor,Good,ExPoor,ExPoor,166.6666667,75.55555556,292,2250,696.0555556
405,Lecanora,9.063035,7.486278333,475.1,18.333,26.667,73,666.667,Poor,Good,ExPoor,ExPoor,122.22,59.26,292,1666.6675,535.036875
406,Lecanora,9.062845,7.486431667,474.7,18.333,26.667,73,666.667,Poor,Good,ExPoor,ExPoor,122.22,59.26,292,1666.6675,535.036875
407,Lecanora,9.062845,7.486431667,474.7,18.333,26.667,73,666.667,Poor,Good,ExPoor,ExPoor,122.22,59.26,292,1666.6675,535.036875
408,Lecanora,9.062915,7.48633,474.5,18.333,26.667,73,666.667,Poor,Good,ExPoor,ExPoor,122.22,59.26,292,1666.6675,535.036875
409,Lecanora,9.080741667,7.511838333,481.5,24.5,175,101,800,Poor,ExPoor,ExPoor,ExPoor,163.3333333,388.8888889,404,2000,739.0555556
410,Lecanora,9.080731667,7.511846667,481.5,24.5,175,101,800,Poor,ExPoor,ExPoor,ExPoor,163.3333333,388.8888889,404,2000,739.0555556
411,Lecanora,9.080748333,7.511846667,481.6,24.5,175,101,800,Poor,ExPoor,ExPoor,ExPoor,163.3333333,388.8888889,404,2000,739.0555556
412,Lecanora,9.080738333,7.511856667,481.8,24.5,175,101,800,Poor,ExPoor,ExPoor,ExPoor,163.3333333,388.8888889,404,2000,739.0555556
413,Lecanora,9.080736667,7.511805,482,24.5,175,101,800,Poor,ExPoor,ExPoor,ExPoor,163.3333333,388.8888889,404,2000,739.0555556
414,Pyxine,9.080685,7.511701667,483.7,24.5,175,101,800,Poor,ExPoor,ExPoor,ExPoor,163.3333333,388.8888889,404,2000,739.0555556
415,Physcia,9.080651667,7.511671667,484,24.5,175,101,800,Poor,ExPoor,ExPoor,ExPoor,163.3333333,388.8888889,404,2000,739.0555556
416,Pyxine,9.08063,7.511666667,484.8,24.5,175,101,800,Poor,ExPoor,ExPoor,ExPoor,163.3333333,388.8888889,404,2000,739.0555556
417,Physcia,9.080611667,7.511648333,485.5,24.5,175,101,800,Poor,ExPoor,ExPoor,ExPoor,163.3333333,388.8888889,404,2000,739.0555556
418,Physcia,9.080628333,7.511653333,486.1,24.5,175,101,800,Poor,ExPoor,ExPoor,ExPoor,163.3333333,388.8888889,404,2000,739.0555556
419,Candelaria,9.080746667,7.511711667,487.1,24.5,175,101,800,Poor,ExPoor,ExPoor,ExPoor,163.3333333,388.8888889,404,2000,739.0555556
420,Candelaria,9.080736667,7.511705,487.2,24.5,175,101,800,Poor,ExPoor,ExPoor,ExPoor,163.3333333,388.8888889,404,2000,739.0555556
421,Pyxine,9.080736667,7.511705,487.2,24.5,175,101,800,Poor,ExPoor,ExPoor,ExPoor,163.3333333,388.8888889,404,2000,739.0555556
422,Pyxine,9.080731667,7.511701667,487.4,24.5,175,101,800,Poor,ExPoor,ExPoor,ExPoor,163.3333333,388.8888889,404,2000,739.0555556
423,Physcia,9.08071,7.51169,487.8,24.5,175,101,800,Poor,ExPoor,ExPoor,ExPoor,163.3333333,388.8888889,404,2000,739.0555556
424,Physcia,9.080693333,7.51171,488.5,24.5,175,101,800,Poor,ExPoor,ExPoor,ExPoor,163.3333333,388.8888889,404,2000,739.0555556
425,Candelaria,9.080696667,7.511708333,488.6,24.5,175,101,800,Poor,ExPoor,ExPoor,ExPoor,163.3333333,388.8888889,404,2000,739.0555556
426,Candelaria,9.079653333,7.512428333,493.4,24.5,175,101,800,Poor,ExPoor,ExPoor,ExPoor,163.3333333,388.8888889,404,2000,739.0555556
427,Candelaria,9.079543333,7.512408333,494,24.5,175,101,800,Poor,ExPoor,ExPoor,ExPoor,163.3333333,388.8888889,404,2000,739.0555556
428,Candelaria,9.079448333,7.512345,484.6,24.5,175,101,800,Poor,ExPoor,ExPoor,ExPoor,163.3333333,388.8888889,404,2000,739.0555556
429,Candelaria,9.079448333,7.512345,484.6,24.5,175,101,800,Poor,ExPoor,ExPoor,ExPoor,163.3333333,388.8888889,404,2000,739.0555556
430,Candelaria,9.079451667,7.51235,484.3,24.5,175,101,800,Poor,ExPoor,ExPoor,ExPoor,163.3333333,388.8888889,404,2000,739.0555556
431,Candelaria,9.07946,7.51236,491.4,24.5,175,101,800,Poor,ExPoor,ExPoor,ExPoor,163.3333333,388.8888889,404,2000,739.0555556
432,Physcia,9.079438333,7.512341667,487.6,24.5,175,101,800,Poor,ExPoor,ExPoor,ExPoor,163.3333333,388.8888889,404,2000,739.0555556
433,Candelaria,9.079438333,7.512341667,487.6,24.5,175,101,800,Poor,ExPoor,ExPoor,ExPoor,163.3333333,388.8888889,404,2000,739.0555556
434,Pyxine,9.079366667,7.512326667,487.8,24.5,175,101,800,Poor,ExPoor,ExPoor,ExPoor,163.3333333,388.8888889,404,2000,739.0555556
435,Pyxine,9.079368333,7.512316667,487.5,24.5,175,101,800,Poor,ExPoor,ExPoor,ExPoor,163.3333333,388.8888889,404,2000,739.0555556
436,Dirinaria,9.079368333,7.512316667,487.5,24.5,175,101,800,Poor,ExPoor,ExPoor,ExPoor,163.3333333,388.8888889,404,2000,739.0555556
437,Pyxine,9.0792,7.512166667,487.4,24.5,175,101,800,Poor,ExPoor,ExPoor,ExPoor,163.3333333,388.8888889,404,2000,739.0555556
438,Pyxine,9.079168333,7.512295,487.4,24.5,175,101,800,Poor,ExPoor,ExPoor,ExPoor,163.3333333,388.8888889,404,2000,739.0555556
439,Physcia,9.079168333,7.512295,487.4,24.5,175,101,800,Poor,ExPoor,ExPoor,ExPoor,163.3333333,388.8888889,404,2000,739.0555556
440,Candelaria,9.079156667,7.512308333,487.5,24.5,175,101,800,Poor,ExPoor,ExPoor,ExPoor,163.3333333,388.8888889,404,2000,739.0555556
441,Candelaria,9.079156667,7.512308333,487.5,24.5,175,101,800,Poor,ExPoor,ExPoor,ExPoor,163.3333333,388.8888889,404,2000,739.0555556
442,Dirinaria,9.079755,7.524503333,521.9,20.5,29,60.5,750,Poor,Good,ExPoor,ExPoor,136.6666667,64.44444444,242,1875,579.5277778
443,Dirinaria,9.07967,7.524398333,521.5,20.5,29,60.5,750,Poor,Good,ExPoor,ExPoor,136.6666667,64.44444444,242,1875,579.5277778
444,Pyxine,9.079666667,7.524381667,521.4,20.5,29,60.5,750,Poor,Good,ExPoor,ExPoor,136.6666667,64.44444444,242,1875,579.5277778
445,Dirinaria,9.079641667,7.52431,521.2,20.5,29,60.5,750,Poor,Good,ExPoor,ExPoor,136.6666667,64.44444444,242,1875,579.5277778
446,Parmotrema,9.079641667,7.52431,521.2,20.5,29,60.5,750,Poor,Good,ExPoor,ExPoor,136.6666667,64.44444444,242,1875,579.5277778
447,Pyxine,9.079641667,7.52431,521.2,20.5,29,60.5,750,Poor,Good,ExPoor,ExPoor,136.6666667,64.44444444,242,1875,579.5277778
448,Pyxine,9.079658333,7.524286667,521.09,20.5,29,60.5,750,Poor,Good,ExPoor,ExPoor,136.6666667,64.44444444,242,1875,579.5277778
449,Parmotrema,9.07965,7.52434,520.7,20.5,29,60.5,750,Poor,Good,ExPoor,ExPoor,136.6666667,64.44444444,242,1875,579.5277778
450,Chrysothrix,9.07965,7.52434,520.7,20.5,29,60.5,750,Poor,Good,ExPoor,ExPoor,136.6666667,64.44444444,242,1875,579.5277778
451,Dirinaria,9.079663333,7.524348333,520.59,20.5,29,60.5,750,Poor,Good,ExPoor,ExPoor,136.6666667,64.44444444,242,1875,579.5277778
452,Parmotrema,9.079663333,7.524348333,520.59,20.5,29,60.5,750,Poor,Good,ExPoor,ExPoor,136.6666667,64.44444444,242,1875,579.5277778
453,Chrysothrix,9.07961,7.52406,518.9,20.5,29,60.5,750,Poor,Good,ExPoor,ExPoor,136.6666667,64.44444444,242,1875,579.5277778
454,Parmotrema,9.079616667,7.524071667,518.59,20.5,29,60.5,750,Poor,Good,ExPoor,ExPoor,136.6666667,64.44444444,242,1875,579.5277778
455,Dirinaria,9.079616667,7.524071667,518.59,20.5,29,60.5,750,Poor,Good,ExPoor,ExPoor,136.6666667,64.44444444,242,1875,579.5277778
456,Pyxine,9.079611667,7.524065,517.7,20.5,29,60.5,750,Poor,Good,ExPoor,ExPoor,136.6666667,64.44444444,242,1875,579.5277778
457,Pyxine,9.079885,7.524833333,514.7,20.5,29,60.5,750,Poor,Good,ExPoor,ExPoor,136.6666667,64.44444444,242,1875,579.5277778
458,Parmotrema,9.079588333,7.525068333,514.3,20.5,29,60.5,750,Poor,Good,ExPoor,ExPoor,136.6666667,64.44444444,242,1875,579.5277778
459,Pyxine,9.079578333,7.52506,513.9,20.5,29,60.5,750,Poor,Good,ExPoor,ExPoor,136.6666667,64.44444444,242,1875,579.5277778
460,Parmotrema,9.079571667,7.525068333,514.3,20.5,29,60.5,750,Poor,Good,ExPoor,ExPoor,136.6666667,64.44444444,242,1875,579.5277778
461,Parmotrema,9.07957,7.525076667,514.5,20.5,29,60.5,750,Poor,Good,ExPoor,ExPoor,136.6666667,64.44444444,242,1875,579.5277778
462,Pyxine,9.07957,7.525076667,514.5,20.5,29,60.5,750,Poor,Good,ExPoor,ExPoor,136.6666667,64.44444444,242,1875,579.5277778
463,Pyxine,9.079616667,7.525501667,514.9,20.5,29,60.5,750,Poor,Good,ExPoor,ExPoor,136.6666667,64.44444444,242,1875,579.5277778
464,Parmotrema,9.079601667,7.525501667,515.3,20.5,29,60.5,750,Poor,Good,ExPoor,ExPoor,136.6666667,64.44444444,242,1875,579.5277778
465,Pyxine,9.079526667,7.52411,513.9,20.5,29,60.5,750,Poor,Good,ExPoor,ExPoor,136.6666667,64.44444444,242,1875,579.5277778
466,Dirinaria,9.079578333,7.524103333,515,20.5,29,60.5,750,Poor,Good,ExPoor,ExPoor,136.6666667,64.44444444,242,1875,579.5277778
467,Parmotrema,9.079596667,7.524103333,515,20.5,29,60.5,750,Poor,Good,ExPoor,ExPoor,136.6666667,64.44444444,242,1875,579.5277778
468,Lecanora,9.079596667,7.524103333,515,20.5,29,60.5,750,Poor,Good,ExPoor,ExPoor,136.6666667,64.44444444,242,1875,579.5277778
469,Dirinaria,9.079603333,7.52415,514.9,20.5,29,60.5,750,Poor,Good,ExPoor,ExPoor,136.6666667,64.44444444,242,1875,579.5277778
470,Lecanora,9.079603333,7.52415,514.9,20.5,29,60.5,750,Poor,Good,ExPoor,ExPoor,136.6666667,64.44444444,242,1875,579.5277778
471,Parmotrema,9.080588333,7.525216667,525.4,20.5,29,60.5,750,Poor,Good,ExPoor,ExPoor,136.6666667,64.44444444,242,1875,579.5277778
472,Parmotrema,9.080575,7.525188333,526.5,20.5,29,60.5,750,Poor,Good,ExPoor,ExPoor,136.6666667,64.44444444,242,1875,579.5277778
473,Arthonia,9.080568333,7.525486667,521,20.5,29,60.5,750,Poor,Good,ExPoor,ExPoor,136.6666667,64.44444444,242,1875,579.5277778
474,Pyxine,9.080583333,7.525521667,520.09,20.5,29,60.5,750,Poor,Good,ExPoor,ExPoor,136.6666667,64.44444444,242,1875,579.5277778
475,Pyxine,9.0806,7.525553333,523.9,20.5,29,60.5,750,Poor,Good,ExPoor,ExPoor,136.6666667,64.44444444,242,1875,579.5277778
476,Pyxine,9.080491667,7.525611667,524,20.5,29,60.5,750,Poor,Good,ExPoor,ExPoor,136.6666667,64.44444444,242,1875,579.5277778
477,Parmotrema,9.080096667,7.527068333,511.7,20.5,29,60.5,750,Poor,Good,ExPoor,ExPoor,136.6666667,64.44444444,242,1875,579.5277778
478,Parmotrema,9.080096667,7.527083333,511.7,20.5,29,60.5,750,Poor,Good,ExPoor,ExPoor,136.6666667,64.44444444,242,1875,579.5277778
479,Pyxine,9.080103333,7.52709,511.8,20.5,29,60.5,750,Poor,Good,ExPoor,ExPoor,136.6666667,64.44444444,242,1875,579.5277778
480,Parmotrema,9.080103333,7.52709,511.8,20.5,29,60.5,750,Poor,Good,ExPoor,ExPoor,136.6666667,64.44444444,242,1875,579.5277778
481,Pyxine,9.080108333,7.527081667,511.8,20.5,29,60.5,750,Poor,Good,ExPoor,ExPoor,136.6666667,64.44444444,242,1875,579.5277778
482,Dirinaria,9.080108333,7.527081667,511.8,20.5,29,60.5,750,Poor,Good,ExPoor,ExPoor,136.6666667,64.44444444,242,1875,579.5277778
483,Parmotrema,9.080111667,7.527111667,511.9,20.5,29,60.5,750,Poor,Good,ExPoor,ExPoor,136.6666667,64.44444444,242,1875,579.5277778
484,Pyxine,9.080111667,7.527111667,511.9,20.5,29,60.5,750,Poor,Good,ExPoor,ExPoor,136.6666667,64.44444444,242,1875,579.5277778
485,Parmotrema,9.080856667,7.527235,517.3,20.5,29,60.5,750,Poor,Good,ExPoor,ExPoor,136.6666667,64.44444444,242,1875,579.5277778
486,Parmotrema,9.080863333,7.527258333,517.7,20.5,29,60.5,750,Poor,Good,ExPoor,ExPoor,136.6666667,64.44444444,242,1875,579.5277778
487,Parmotrema,9.080858333,7.527276667,517.5,20.5,29,60.5,750,Poor,Good,ExPoor,ExPoor,136.6666667,64.44444444,242,1875,579.5277778
488,Dirinaria,9.080858333,7.527276667,517.5,20.5,29,60.5,750,Poor,Good,ExPoor,ExPoor,136.6666667,64.44444444,242,1875,579.5277778
489,Candelaria,9.080555556,7.52728,517.7,20.5,29,60.5,750,Poor,Good,ExPoor,ExPoor,136.6666667,64.44444444,242,1875,579.5277778
490,Candelaria,9.080836667,7.527283333,517.59,20.5,29,60.5,750,Poor,Good,ExPoor,ExPoor,136.6666667,64.44444444,242,1875,579.5277778
491,Parmotrema,9.080921667,7.527063333,516.8,20.5,29,60.5,750,Poor,Good,ExPoor,ExPoor,136.6666667,64.44444444,242,1875,579.5277778
492,Pyxine,9.080963333,7.527071667,516.9,20.5,29,60.5,750,Poor,Good,ExPoor,ExPoor,136.6666667,64.44444444,242,1875,579.5277778
493,Pyxine,9.080938333,7.527045,517,20.5,29,60.5,750,Poor,Good,ExPoor,ExPoor,136.6666667,64.44444444,242,1875,579.5277778
494,Parmotrema,9.08099,7.527038333,519,20.5,29,60.5,750,Poor,Good,ExPoor,ExPoor,136.6666667,64.44444444,242,1875,579.5277778
495,Pyxine,9.081228333,7.526381667,518.8,20.5,29,60.5,750,Poor,Good,ExPoor,ExPoor,136.6666667,64.44444444,242,1875,579.5277778
496,Parmotrema,9.081228333,7.526361667,519,20.5,29,60.5,750,Poor,Good,ExPoor,ExPoor,136.6666667,64.44444444,242,1875,579.5277778
497,Pyxine,9.081233333,7.526348333,518.9,20.5,29,60.5,750,Poor,Good,ExPoor,ExPoor,136.6666667,64.44444444,242,1875,579.5277778
498,Parmotrema,9.081233333,7.526348333,518.9,20.5,29,60.5,750,Poor,Good,ExPoor,ExPoor,136.6666667,64.44444444,242,1875,579.5277778
499,Parmotrema,9.081263333,7.526353333,519,20.5,29,60.5,750,Poor,Good,ExPoor,ExPoor,136.6666667,64.44444444,242,1875,579.5277778
500,Pyxine,9.081233333,7.526365,519.2,20.5,29,60.5,750,Poor,Good,ExPoor,ExPoor,136.6666667,64.44444444,242,1875,579.5277778
501,Parmotrema,9.081233333,7.526365,519.2,20.5,29,60.5,750,Poor,Good,ExPoor,ExPoor,136.6666667,64.44444444,242,1875,579.5277778
502,Pyxine,9.081233333,7.526365,519.2,20.5,29,60.5,750,Poor,Good,ExPoor,ExPoor,136.6666667,64.44444444,242,1875,579.5277778
503,Pyxine,9.081218333,7.526353333,519.5,20.5,29,60.5,750,Poor,Good,ExPoor,ExPoor,136.6666667,64.44444444,242,1875,579.5277778
504,Pyxine,9.081218333,7.526341667,519.8,20.5,29,60.5,750,Poor,Good,ExPoor,ExPoor,136.6666667,64.44444444,242,1875,579.5277778
505,Physcia,9.081236667,7.526356667,520.59,20.5,29,60.5,750,Poor,Good,ExPoor,ExPoor,136.6666667,64.44444444,242,1875,579.5277778
506,Pyxine,9.08123,7.526318333,520.9,20.5,29,60.5,750,Poor,Good,ExPoor,ExPoor,136.6666667,64.44444444,242,1875,579.5277778
507,Parmotrema,9.08121,7.5263,520.8,20.5,29,60.5,750,Poor,Good,ExPoor,ExPoor,136.6666667,64.44444444,242,1875,579.5277778
508,Bacidia,9.081148333,7.526198333,520.3,20.5,29,60.5,750,Poor,Good,ExPoor,ExPoor,136.6666667,64.44444444,242,1875,579.5277778
509,Physcia,9.081106667,7.526115,520.09,20.5,29,60.5,750,Poor,Good,ExPoor,ExPoor,136.6666667,64.44444444,242,1875,579.5277778
510,Pyxine,9.081076667,7.525458333,519.9,20.5,29,60.5,750,Poor,Good,ExPoor,ExPoor,136.6666667,64.44444444,242,1875,579.5277778
511,Pyxine,9.081603333,7.525271667,519.9,20.5,29,60.5,750,Poor,Good,ExPoor,ExPoor,136.6666667,64.44444444,242,1875,579.5277778
512,Pyxine,9.081613333,7.525271667,519.7,20.5,29,60.5,750,Poor,Good,ExPoor,ExPoor,136.6666667,64.44444444,242,1875,579.5277778
513,Pyxine,9.081746667,7.525285,519.7,20.5,29,60.5,750,Poor,Good,ExPoor,ExPoor,136.6666667,64.44444444,242,1875,579.5277778
514,Candelaria,9.082051667,7.525388333,519.5,20.5,29,60.5,750,Poor,Good,ExPoor,ExPoor,136.6666667,64.44444444,242,1875,579.5277778
515,Parmotrema,9.080555556,7.52728,517.7,20.5,29,60.5,750,Poor,Good,ExPoor,ExPoor,136.6666667,64.44444444,242,1875,579.5277778
516,Parmotrema,9.080836667,7.527283333,517.59,20.5,29,60.5,750,Poor,Good,ExPoor,ExPoor,136.6666667,64.44444444,242,1875,579.5277778
517,Pyxine,11.97316833,8.467431667,482.6,32.25,103.75,0,0,VPoor,ExPoor,Good,Good,215,230.5555556,0,0,111.3888889
518,Pyxine,11.973165,8.467423333,482.7,32.25,103.75,0,0,VPoor,ExPoor,Good,Good,215,230.5555556,0,0,111.3888889
519,Pyxine,11.973155,8.467415,482.7,32.25,103.75,0,0,VPoor,ExPoor,Good,Good,215,230.5555556,0,0,111.3888889
520,Pyxine,11.97288833,8.467303333,483,32.25,103.75,0,0,VPoor,ExPoor,Good,Good,215,230.5555556,0,0,111.3888889
521,Pyxine,11.97286167,8.46733,483.2,32.25,103.75,0,0,VPoor,ExPoor,Good,Good,215,230.5555556,0,0,111.3888889
522,Pyxine,11.97291167,8.467251667,483.6,32.25,103.75,0,0,VPoor,ExPoor,Good,Good,215,230.5555556,0,0,111.3888889
523,Pyxine,11.98065333,8.479788333,509.9,47.5,65,13.833,383.333,ExPoor,VPoor,Good,ExPoor,316.6666667,144.4444444,55.332,958.3325,368.6939028
524,Pyxine,11.98067333,8.479798333,507.7,47.5,65,13.833,383.333,ExPoor,VPoor,Good,ExPoor,316.6666667,144.4444444,55.332,958.3325,368.6939028
525,Pyxine,11.98072667,8.479368333,502.8,47.5,65,13.833,383.333,ExPoor,VPoor,Good,ExPoor,316.6666667,144.4444444,55.332,958.3325,368.6939028
526,Pyxine,11.980765,8.479351667,502.6,47.5,65,13.833,383.333,ExPoor,VPoor,Good,ExPoor,316.6666667,144.4444444,55.332,958.3325,368.6939028
527,Pyxine,11.98077833,8.47935,502.4,47.5,65,13.833,383.333,ExPoor,VPoor,Good,ExPoor,316.6666667,144.4444444,55.332,958.3325,368.6939028
528,Pyxine,11.98051333,8.479165,503.1,47.5,65,13.833,383.333,ExPoor,VPoor,Good,ExPoor,316.6666667,144.4444444,55.332,958.3325,368.6939028
529,Pyxine,11.98050667,8.47917,503.1,47.5,65,13.833,383.333,ExPoor,VPoor,Good,ExPoor,316.6666667,144.4444444,55.332,958.3325,368.6939028
530,Pyxine,11.98052333,8.479166667,503.1,47.5,65,13.833,383.333,ExPoor,VPoor,Good,ExPoor,316.6666667,144.4444444,55.332,958.3325,368.6939028
531,Pyxine,11.98055333,8.479175,503.1,47.5,65,13.833,383.333,ExPoor,VPoor,Good,ExPoor,316.6666667,144.4444444,55.332,958.3325,368.6939028
532,Pyxine,11.98052667,8.479155,502.9,47.5,65,13.833,383.333,ExPoor,VPoor,Good,ExPoor,316.6666667,144.4444444,55.332,958.3325,368.6939028
533,Pyxine,11.98041667,8.479168333,502,47.5,65,13.833,383.333,ExPoor,VPoor,Good,ExPoor,316.6666667,144.4444444,55.332,958.3325,368.6939028
534,Pyxine,11.98052833,8.479026667,501.8,47.5,65,13.833,383.333,ExPoor,VPoor,Good,ExPoor,316.6666667,144.4444444,55.332,958.3325,368.6939028
535,Pyxine,11.98055667,8.477945,499,47.5,65,13.833,383.333,ExPoor,VPoor,Good,ExPoor,316.6666667,144.4444444,55.332,958.3325,368.6939028
536,Pyxine,11.98056833,8.477961667,498.9,47.5,65,13.833,383.333,ExPoor,VPoor,Good,ExPoor,316.6666667,144.4444444,55.332,958.3325,368.6939028
537,Pyxine,11.98056833,8.477961667,498.9,47.5,65,13.833,383.333,ExPoor,VPoor,Good,ExPoor,316.6666667,144.4444444,55.332,958.3325,368.6939028
538,Pyxine,11.98056167,8.47798,498.9,47.5,65,13.833,383.333,ExPoor,VPoor,Good,ExPoor,316.6666667,144.4444444,55.332,958.3325,368.6939028
539,Pyxine,11.98056167,8.47798,498.9,47.5,65,13.833,383.333,ExPoor,VPoor,Good,ExPoor,316.6666667,144.4444444,55.332,958.3325,368.6939028
540,Pyxine,11.980555,8.477976667,498.9,47.5,65,13.833,383.333,ExPoor,VPoor,Good,ExPoor,316.6666667,144.4444444,55.332,958.3325,368.6939028
541,Pyxine,11.98054667,8.477985,498.6,47.5,65,13.833,383.333,ExPoor,VPoor,Good,ExPoor,316.6666667,144.4444444,55.332,958.3325,368.6939028
542,Pyxine,11.980805,8.479126667,482.7,47.5,65,13.833,383.333,ExPoor,VPoor,Good,ExPoor,316.6666667,144.4444444,55.332,958.3325,368.6939028
543,Pyxine,11.98062667,8.479135,482,47.5,65,13.833,383.333,ExPoor,VPoor,Good,ExPoor,316.6666667,144.4444444,55.332,958.3325,368.6939028
544,Pyxine,11.98055833,8.479168333,482.3,47.5,65,13.833,383.333,ExPoor,VPoor,Good,ExPoor,316.6666667,144.4444444,55.332,958.3325,368.6939028
545,Pyxine,11.98055,8.479171667,482.3,47.5,65,13.833,383.333,ExPoor,VPoor,Good,ExPoor,316.6666667,144.4444444,55.332,958.3325,368.6939028
546,Pyxine,11.980555,8.479173333,482.4,47.5,65,13.833,383.333,ExPoor,VPoor,Good,ExPoor,316.6666667,144.4444444,55.332,958.3325,368.6939028
547,Pyxine,11.980515,8.479176667,482.4,47.5,65,13.833,383.333,ExPoor,VPoor,Good,ExPoor,316.6666667,144.4444444,55.332,958.3325,368.6939028
548,Pyxine,11.98015667,8.478575,528.8,47.5,65,13.833,383.333,ExPoor,VPoor,Good,ExPoor,316.6666667,144.4444444,55.332,958.3325,368.6939028
549,Physcia,11.98025667,8.478556667,528.5,47.5,65,13.833,383.333,ExPoor,VPoor,Good,ExPoor,316.6666667,144.4444444,55.332,958.3325,368.6939028
550,Physcia,11.97989167,8.481701667,499.2,47.5,65,13.833,383.333,ExPoor,VPoor,Good,ExPoor,316.6666667,144.4444444,55.332,958.3325,368.6939028
551,Physcia,11.97988667,8.48168,499.2,47.5,65,13.833,383.333,ExPoor,VPoor,Good,ExPoor,316.6666667,144.4444444,55.332,958.3325,368.6939028
552,Pyxine,11.97989667,8.481663333,499.3,47.5,65,13.833,383.333,ExPoor,VPoor,Good,ExPoor,316.6666667,144.4444444,55.332,958.3325,368.6939028
553,Pyxine,11.97988,8.481803333,499.5,47.5,65,13.833,383.333,ExPoor,VPoor,Good,ExPoor,316.6666667,144.4444444,55.332,958.3325,368.6939028
554,Pyxine,11.97991667,8.481821667,499.5,47.5,65,13.833,383.333,ExPoor,VPoor,Good,ExPoor,316.6666667,144.4444444,55.332,958.3325,368.6939028
555,Pyxine,11.97991667,8.481821667,499.5,47.5,65,13.833,383.333,ExPoor,VPoor,Good,ExPoor,316.6666667,144.4444444,55.332,958.3325,368.6939028
556,Pyxine,11.97991667,8.481831667,499.5,47.5,65,13.833,383.333,ExPoor,VPoor,Good,ExPoor,316.6666667,144.4444444,55.332,958.3325,368.6939028
557,Pyxine,11.97991,8.481853333,499.5,47.5,65,13.833,383.333,ExPoor,VPoor,Good,ExPoor,316.6666667,144.4444444,55.332,958.3325,368.6939028
558,Pyxine,11.97987667,8.48202,499.9,47.5,65,13.833,383.333,ExPoor,VPoor,Good,ExPoor,316.6666667,144.4444444,55.332,958.3325,368.6939028
559,Pyxine,11.98749167,8.552613333,485.9,59,73,51,600,ExPoor,ExPoor,ExPoor,ExPoor,393.3333333,162.2222222,204,1500,564.8888889
560,Pyxine,11.98752167,8.552696667,485.9,59,73,51,600,ExPoor,ExPoor,ExPoor,ExPoor,393.3333333,162.2222222,204,1500,564.8888889
561,Pyxine,11.98752667,8.552655,485.5,59,73,51,600,ExPoor,ExPoor,ExPoor,ExPoor,393.3333333,162.2222222,204,1500,564.8888889
562,Pyxine,11.98747167,8.552691667,485.5,59,73,51,600,ExPoor,ExPoor,ExPoor,ExPoor,393.3333333,162.2222222,204,1500,564.8888889
